linear,poly,rbf,sigmoid
0.7028985507246377,0.6594202898550725,0.855072463768116,0.5579710144927537
0.855072463768116,0.8840579710144928,0.9420289855072463,0.782608695652174
0.9782608695652174,1.0,1.0,0.8478260869565217
