linear,poly,rbf,sigmoid
0.9927536231884058,0.9927536231884058,1.0,0.7391304347826086
