linear,poly,rbf,sigmoid
0.8768115942028986,0.8405797101449275,0.927536231884058,0.6884057971014492
0.8478260869565217,0.8115942028985508,0.8840579710144928,0.6884057971014492
0.7536231884057971,0.7028985507246377,0.855072463768116,0.5362318840579711
