linear,poly,rbf,sigmoid
0.8768115942028986,0.927536231884058,0.9057971014492754,0.6594202898550725
0.8695652173913043,0.8840579710144928,0.8768115942028986,0.6594202898550725
0.7753623188405797,0.6739130434782609,0.8260869565217391,0.5144927536231884
