linear,poly,rbf,sigmoid
0.9782608695652174,0.9927536231884058,1.0,0.9057971014492754
