linear,poly,rbf,sigmoid
0.9710144927536232,0.9782608695652174,1.0,0.5652173913043478
