linear,poly,rbf,sigmoid
0.6594202898550725,0.6231884057971014,0.8478260869565217,0.5289855072463768
0.8913043478260869,0.855072463768116,0.9420289855072463,0.7753623188405797
0.9637681159420289,1.0,1.0,0.8623188405797102
