linear,poly,rbf,sigmoid
0.6086956521739131,0.7536231884057971,0.7608695652173914,0.5652173913043478
0.927536231884058,0.8478260869565217,0.9202898550724637,0.8260869565217391
0.9637681159420289,1.0,1.0,0.8623188405797102
