linear,poly,rbf,sigmoid
0.9782608695652174,1.0,1.0,0.8405797101449275
