Iterations,Function,Gradient,Time
0,158.4329555406645,249.43287766153136,0.0
1,31.98602471529474,18.55338927042096,0.0005269050598144531
2,31.98602471529474,18.55338927042096,0.0065174102783203125
