Iterations,Function,Gradient,Time
0,1818.0225810316326,2925.7883956496503,0.0
1,74.22592301298522,238.5687826978688,0.0004944801330566406
2,10.670446954452117,134.06422671363492,0.0030755996704101562
3,0.8890915128700272,26.653488308800203,0.005522966384887695
4,0.03805310132176398,4.722590709884561,0.007230043411254883
5,0.004913848458632922,1.4010230037562472,0.008798837661743164
6,0.00024330086240298985,0.4573743808054383,0.010329723358154297
7,9.577784224769535e-07,0.02070920958655469,0.011846542358398438
8,9.577784224769535e-07,0.02070920958655469,0.013435840606689453
