Iterations,Function,Gradient,Time
0,1743.0283486095466,3696.017042722988,0.0
1,130.1039024934742,392.8283368890997,0.0004210472106933594
2,25.103474214927896,249.53821447187212,0.002685070037841797
3,2.7415540419618143,45.50932302320949,0.00492405891418457
4,0.22742911969617996,14.44736627787901,0.007126808166503906
5,0.22742911969617996,14.44736627787901,0.009549140930175781
