Iterations,Function,Gradient,Time
0,925.5385716459044,635.4455187013808,0.0
1,925.5385716459044,635.4455187013808,0.0013039112091064453
