Iterations,Function,Gradient,Time
0,2273.8065643784885,4296.178712943783,0.0
1,2273.8065643784885,4296.178712943783,0.004774570465087891
