Iterations,Function,Gradient,Time
0,6765.255922105005,8439.758889429306,0.0
1,554.8180191093346,954.1647340993622,0.0005006790161132812
2,115.3087692202903,555.7909396025445,0.0030434131622314453
3,20.08023026975035,149.30855405569181,0.0055654048919677734
4,2.1812305299581256,49.727975725891845,0.007543325424194336
5,0.1074191287775963,8.127647975400365,0.009042501449584961
6,0.013874048891034496,1.6838871443125145,0.010572671890258789
7,0.0015450088752547771,1.4789239771627734,0.012090682983398438
8,1.700868338965026e-05,0.04640960674349767,0.016218185424804688
9,4.592911203431345e-09,0.002659827572424699,0.01813650131225586
10,4.592911203431345e-09,0.002659827572424699,0.019686222076416016
