Iterations,Function,Gradient,Time
0,6532.102739563004,8347.904628745742,0.0
1,322.974259990232,631.0422510495604,0.0004076957702636719
2,68.63570683817332,479.6046975399772,0.0027060508728027344
3,10.926890635067004,97.78355654548008,0.005026340484619141
4,1.3296190862030652,43.137710260836606,0.007244110107421875
5,0.32491713667040756,7.280393049916555,0.008692502975463867
6,0.32491713667040756,7.280393049916555,0.010224103927612305
