Iterations,Function,Gradient,Time
0,157.15026930853438,484.26115341562786,0.0
1,157.15026930853438,484.26115341562786,0.003900289535522461
