Iterations,Function,Gradient,Time
0,625.4929129470444,1844.209984573907,0.0
1,625.4929129470444,1844.209984573907,0.004018545150756836
