Iterations,Function,Gradient,Time
0,8007.376237961226,10182.767390953744,0.0
1,884.4360324479849,1374.7449043583786,0.0006406307220458984
2,194.39623972029332,767.6244958512553,0.0038552284240722656
3,37.28473692802818,219.05219550632452,0.006281852722167969
4,4.931310830736151,76.49419255186008,0.007946014404296875
5,0.27536706440853925,15.811748570300903,0.009626150131225586
6,0.002141951104599081,1.4321311074133432,0.011261224746704102
7,8.790530675889058e-06,0.04023196816229641,0.012932062149047852
8,1.2162390837153458e-09,0.0013746988169706402,0.014577150344848633
9,1.2162390837153458e-09,0.0013746988169706402,0.01616668701171875
