Iterations,Function,Gradient,Time
0,255.79469322908304,324.55764137806403,0.0
1,255.79469322908304,324.55764137806403,0.004022836685180664
