Iterations,Function,Gradient,Time
0,63.75329886043548,170.8583349174116,0.0
1,4.063150855225148,14.852555821948672,0.0005266666412353516
2,3.9274777951503523,27.10179195285685,0.003756999969482422
3,0.9911262016832723,9.596776298197476,0.0062067508697509766
4,0.7609534158903166,11.424058247905636,0.007764577865600586
5,0.43427636320171636,3.6947072772355236,0.009249687194824219
6,0.3170816735255637,16.166478799291244,0.010782480239868164
7,0.07566830153026771,1.3380481134410132,0.012255668640136719
8,0.0613447228872783,10.838397624956984,0.013829231262207031
9,0.000298914066505682,0.16188930443430605,0.015330314636230469
10,1.2278398486515314e-06,0.045482804862742816,0.01689457893371582
11,8.643425686485968e-12,2.806819634863796e-05,0.018422365188598633
12,8.643425686485968e-12,2.806819634863796e-05,0.019951581954956055
