Iterations,Function,Gradient,Time
0,1065.671008594408,2149.6978645792506,0.0
1,1065.671008594408,2149.6978645792506,0.003981828689575195
