Iterations,Function,Gradient,Time
0,207.65234121299724,556.3465514328425,0.0
1,0.14049017256191743,3.356694465492141,0.0004258155822753906
2,0.14049017256191743,3.356694465492141,0.003010988235473633
