Iterations,Function,Gradient,Time
0,246.62508499361866,923.2419637837986,0.0
1,17.66323057777378,114.36211034135788,0.00042891502380371094
2,1.690603344036931,45.23700549474352,0.002893209457397461
3,0.06898209514044673,6.864375623308904,0.004601240158081055
4,0.06898209514044673,6.864375623308904,0.006189823150634766
