Iterations,Function,Gradient,Time
0,10739.830658453346,11672.5175282727,0.0
1,935.2940810116745,1383.5275717162442,0.0004410743713378906
2,203.55682312627167,794.288097351287,0.002710580825805664
3,39.39440720834028,225.40533105858046,0.004971742630004883
4,5.2900302650490705,78.55943404741676,0.006693840026855469
5,0.31687790634746793,16.82050581254361,0.008116006851196289
6,0.007884505843938308,1.7291902227014158,0.009565114974975586
7,0.007884505843938308,1.7291902227014158,0.010979413986206055
