Iterations,Function,Gradient,Time
0,1249.9463661683878,2589.3366919200057,0.0
1,244.52516190101232,438.0096675051362,0.0007300376892089844
2,244.52516190101232,438.0096675051362,0.00673222541809082
