Iterations,Function,Gradient,Time
0,2781.7832408817185,4288.822403394813,0.0
1,63.90504075083327,202.3164603772856,0.0004086494445800781
2,12.103877020643864,158.69742375716305,0.0026793479919433594
3,3.0180818553774884,23.909317982862323,0.004987239837646484
4,2.009130004513409,4.975751524049031,0.0072362422943115234
5,2.009130004513409,4.975751524049031,0.009627819061279297
