Iterations,Function,Gradient,Time
0,1166.1183420178204,2880.2872906632338,0.0
1,80.24609278374031,270.65348874528496,0.00040984153747558594
2,13.306975977270287,184.85612972573966,0.0027015209197998047
3,1.5420458571913986,26.051452761932442,0.004903078079223633
4,0.42173678553466853,8.717647196043172,0.006875514984130859
5,0.42173678553466853,8.717647196043172,0.008353948593139648
