Iterations,Function,Gradient,Time
0,2049.6402770709674,3305.3471102736976,0.0
1,2049.6402770709674,3305.3471102736976,0.004242658615112305
