Iterations,Function,Gradient,Time
0,316.7603498640468,1163.4418639969804,0.0
1,309.89262822149595,1163.4140829905048,0.0011539459228515625
2,5.681074377315312,41.213043640003434,0.0035619735717773438
3,1.5111596759989254,24.912660445917357,0.005781888961791992
4,1.1282972431456813,15.530076557070457,0.0072743892669677734
5,0.692326963167277,3.562104222903008,0.008742570877075195
6,0.49202481735778036,7.446926904863918,0.010218620300292969
7,0.25022589814211926,5.282673397488611,0.011650800704956055
8,0.10674717676144341,6.988101086941386,0.013148069381713867
9,0.02753185079675846,2.0758520998277943,0.014582633972167969
10,0.004537012961546294,2.2766790416002354,0.01605510711669922
11,0.00015569929705825606,0.16141209921802313,0.01752924919128418
12,3.7238028358815657e-07,0.02282050028937171,0.018972396850585938
13,3.7238028358815657e-07,0.02282050028937171,0.020432472229003906
