Iterations,Function,Gradient,Time
0,929.4912709620266,2092.6562426027344,0.0
1,20.493051592233563,102.6497900126154,0.0004267692565917969
2,2.440859732480222,69.25612445147385,0.0028166770935058594
3,0.32954023949958433,8.123964499668489,0.004273176193237305
4,0.32954023949958433,8.123964499668489,0.005731344223022461
