Iterations,Function,Gradient,Time
0,1623.6525577625657,2698.377206926487,0.0
1,1623.6525577625657,2698.377206926487,0.004019021987915039
