Iterations,Function,Gradient,Time
0,1787.0987502671715,3227.6346669168884,0.0
1,28.03887663200745,126.0628898387828,0.0004057884216308594
2,4.055221037898809,99.78658575308542,0.002734661102294922
3,0.6223474889361142,10.667393267264183,0.005176067352294922
4,0.29447270021622707,11.439772454842853,0.007458686828613281
5,0.29447270021622707,11.439772454842853,0.00896143913269043
