Iterations,Function,Gradient,Time
0,106.72636635688394,280.77702584442017,0.0
1,6.980570563055743,22.674962751377265,0.0006623268127441406
2,6.033095010021447,32.45206067020267,0.004599571228027344
3,6.033095010021447,32.45206067020267,0.007187366485595703
