Iterations,Function,Gradient,Time
0,13.42978486087069,151.1890057737428,0.0
1,7.099522910100637,67.98259958437153,0.0004489421844482422
2,5.743156365924259,77.47815470544417,0.0040318965911865234
3,0.050852927020476446,2.366477192897634,0.006844282150268555
4,0.022058125909564782,6.251189320053054,0.009410619735717773
5,0.0009307649373959739,0.25618681230467943,0.011934518814086914
6,1.1602875295924074e-05,0.14162951264813625,0.013804435729980469
7,6.971669078251284e-10,0.0002579490684594523,0.015630245208740234
8,6.971669078251284e-10,0.0002579490684594523,0.01739954948425293
