Iterations,Function,Gradient,Time
0,2813.352959225334,4803.703454250703,0.0
1,2813.352959225334,4803.703454250703,0.0038924217224121094
