Iterations,Function,Gradient,Time
0,767.9346976039104,827.0227952031751,0.0
1,767.9346976039104,827.0227952031751,0.004065275192260742
