Iterations,Function,Gradient,Time
0,11836.213957467087,12442.384721094064,0.0
1,1030.5572845537663,1494.9359359416046,0.00040721893310546875
2,226.85070143200068,850.7699312311241,0.003126382827758789
3,44.65729210455306,244.88438645391824,0.00569462776184082
4,6.224119929677186,85.84643899302215,0.007195234298706055
5,0.39745096560035376,19.2442948503525,0.008632421493530273
6,0.004649975553317375,1.9182269266496184,0.010416507720947266
7,0.004649975553317375,1.9182269266496184,0.012030363082885742
