Iterations,Function,Gradient,Time
0,45.83355276157557,142.50701319278204,0.0
1,45.83355276157557,142.50701319278204,0.003916740417480469
