Iterations,Function,Gradient,Time
0,8434.430273639973,10068.299452519695,0.0
1,703.5217963632847,1124.9577955290613,0.0004303455352783203
2,151.8511076447343,687.4763204781094,0.0028607845306396484
3,27.950292047490905,180.50075586659293,0.005223512649536133
4,3.490187838557948,68.0200577720888,0.007728099822998047
5,0.2309412557057835,11.930717934629774,0.009210824966430664
6,0.2309412557057835,11.930717934629774,0.0106964111328125
