Iterations,Function,Gradient,Time
0,573.7972397107125,1227.7663039851084,0.0
1,9.335121914567392,115.09404485985735,0.0005075931549072266
2,0.7557976864193139,28.239910724840538,0.0030028820037841797
3,0.03823454652321279,4.243514611764456,0.0051419734954833984
4,0.006185651282445831,2.4103546386078087,0.006895542144775391
5,0.0003015444031761981,0.26108279829658215,0.008452177047729492
6,1.376852715136479e-06,0.04141610638878066,0.00989842414855957
7,2.814918020133454e-11,8.240544712460257e-05,0.01133584976196289
8,2.814918020133454e-11,8.240544712460257e-05,0.012834787368774414
