Iterations,Function,Gradient,Time
0,5093.179650061712,7122.61054706373,0.0
1,349.1712352750834,683.6322088454085,0.0005016326904296875
2,71.72177083042736,448.3108218487563,0.0023126602172851562
3,11.348295751565118,103.0508538105385,0.0037927627563476562
4,1.2043355504574444,38.58716242142854,0.005393028259277344
5,0.21163303660013177,5.958706352628405,0.006937503814697266
6,0.21163303660013177,5.958706352628405,0.008580207824707031
