Iterations,Function,Gradient,Time
0,243.3002202559119,475.89009853640897,0.0
1,243.3002202559119,475.89009853640897,0.005410194396972656
