Iterations,Function,Gradient,Time
0,17.46732688850547,149.2958635309473,0.0
1,17.46732688850547,149.2958635309473,0.003738880157470703
