Iterations,Function,Gradient,Time
0,6194.977953010454,8620.251547699008,0.0
1,2596.5910777778436,4620.293229547241,0.0005037784576416016
2,232.52103054143106,545.4905090991055,0.003843069076538086
3,49.47267247981944,373.19288934304456,0.0068395137786865234
4,9.468858793726756,83.32186603513414,0.008553743362426758
5,2.7652987551324806,28.41806427170202,0.010095357894897461
6,2.0516654851742118,10.232715572063256,0.011643171310424805
7,1.63652445511703,3.169564917779057,0.01315450668334961
8,1.63652445511703,3.169564917779057,0.014740705490112305
