Iterations,Function,Gradient,Time
0,478.66559136686044,643.6511860591261,0.0
1,188.62653891609816,836.8691070173761,0.0014300346374511719
2,25.974038802763772,129.02289900251853,0.0039708614349365234
3,6.875214756896088,59.46107672405591,0.006499052047729492
4,4.41948317772579,13.508666723001323,0.00832819938659668
5,4.41948317772579,13.508666723001323,0.009870529174804688
