Iterations,Function,Gradient,Time
0,706.0736276276391,1435.8032990792303,0.0
1,141.06752813191486,450.10684774244925,0.0007746219635009766
2,141.06752813191486,450.10684774244925,0.005705595016479492
