Iterations,Function,Gradient,Time
0,2396.247793160729,3913.326890682303,0.0
1,2396.247793160729,3913.326890682303,0.00443267822265625
