Iterations,Function,Gradient,Time
0,195.6766867608039,503.3042892832866,0.0
1,195.6766867608039,503.3042892832866,0.0013642311096191406
