Iterations,Function,Gradient,Time
0,179.35917408866723,390.31674082326714,0.0
1,179.35917408866723,390.31674082326714,0.0012981891632080078
