Iterations,Function,Gradient,Time
0,465.491242661602,480.64576223618764,0.0
1,465.491242661602,480.64576223618764,0.005567312240600586
