Iterations,Function,Gradient,Time
0,10.446475256809753,10.631898416350955,0.0
1,2.3880605508434423,4.806350248545747,0.0004944801330566406
2,0.46691152283712106,1.0130864857853314,0.002384185791015625
3,0.39789038396248094,0.004905276296954252,0.004390716552734375
4,0.39788735772973816,7.366640590423678e-08,0.00599217414855957
5,0.39788735772973816,7.366640590423678e-08,0.007626533508300781
