Iterations,Function,Gradient,Time
0,7.577493138242945,11.120763118485371,0.0
1,0.805206112113626,1.5547811939733003,0.0005002021789550781
2,0.39788795674420235,0.0033698992766234407,0.0030236244201660156
3,0.39788795674420235,0.0033698992766234407,0.005043983459472656
