Iterations,Function,Gradient,Time
0,1.8514304009583813,4.047961570207194,0.0
1,0.39818346568200336,0.07871595496591406,0.00037670135498046875
2,0.39818346568200336,0.07871595496591406,0.002552509307861328
