Iterations,Function,Gradient,Time
0,4.053320597084555,7.969190402716582,0.0
1,0.6457290329607074,2.3100600369095883,0.0004565715789794922
2,0.39795604149536895,0.017967242031429482,0.002874135971069336
3,0.39788735773344097,6.877210838831645e-06,0.005215883255004883
4,0.39788735773344097,6.877210838831645e-06,0.0075685977935791016
