Iterations,Function,Gradient,Time
0,5.391192140637186,9.458424565415475,0.0
1,0.4000063056756806,0.09004022690345055,0.0004749298095703125
2,0.39788735859295987,0.00012151244761706338,0.002836465835571289
3,0.39788735859295987,0.00012151244761706338,0.005452394485473633
