Iterations,Function,Gradient,Time
0,22.98168023860383,11.987056273613366,0.0
1,22.98168023860383,11.987056273613366,0.0034732818603515625
