Iterations,Function,Gradient,Time
0,4.636430206511926,7.760285296366588,0.0
1,1.524685043932331,4.891056349498703,0.00044035911560058594
2,0.4034188656488998,0.25079704841777434,0.0031273365020751953
3,0.4034188656488998,0.25079704841777434,0.005766391754150391
