Iterations,Function,Gradient,Time
0,1.8849927207171615,4.096075017893286,0.0
1,0.3981964881193344,0.08043398307155275,0.0004417896270751953
2,0.39788735780017526,2.7154437021492248e-05,0.002711057662963867
3,0.39788735780017526,2.7154437021492248e-05,0.005172252655029297
