Iterations,Function,Gradient,Time
0,2.3509732336400715,2.708941308518997,0.0
1,0.4079681307962964,0.39793787286687227,0.0003762245178222656
2,0.4079681307962964,0.39793787286687227,0.0025691986083984375
