Iterations,Function,Gradient,Time
0,6.611391388421326,8.791777420813208,0.0
1,0.49123803150334244,1.4066663105533925,0.0004696846008300781
2,0.3978944372004955,0.004955013576616446,0.0027506351470947266
3,0.3978873577297567,5.525962824399863e-07,0.004957675933837891
4,0.3978873577297567,5.525962824399863e-07,0.006399393081665039
