Iterations,Function,Gradient,Time
0,12.851287773713594,9.759520145776532,0.0
1,12.851287773713594,9.759520145776532,0.0029251575469970703
