Iterations,Function,Gradient,Time
0,14.092970592227283,11.628693149536526,0.0
1,14.092970592227283,11.628693149536526,0.0033071041107177734
