Iterations,Function,Gradient,Time
0,17.1248727038407,11.114607150962158,0.0
1,2.348822064627947,3.630857693016405,0.0010027885437011719
2,0.4328121613255926,0.7279743944414613,0.003429412841796875
3,0.3978881367882334,0.0021298507549811943,0.005772113800048828
4,0.3978881367882334,0.0021298507549811943,0.007809162139892578
