Iterations,Function,Gradient,Time
0,18.175671019845932,17.212619985484903,0.0
1,9.53871170115908,5.827194535061939,0.0005257129669189453
2,0.40149388627003213,0.14091861275200523,0.002892017364501953
3,0.3978873681289301,0.0003449114410150029,0.005246400833129883
4,0.3978873681289301,0.0003449114410150029,0.007577180862426758
