Iterations,Function,Gradient,Time
0,2.2816134035266784,6.2438336779522485,0.0
1,0.4287943655072492,0.639633478607998,0.0004379749298095703
2,0.4287943655072492,0.639633478607998,0.002627849578857422
