Iterations,Function,Gradient,Time
0,6.901842510211834,8.860903759452539,0.0
1,0.7406203171809477,2.0525754499202877,0.0005252361297607422
2,0.39796614191490076,0.03393851988144293,0.0031833648681640625
3,0.3978873577328631,8.234616681119055e-06,0.0056874752044677734
4,0.3978873577328631,8.234616681119055e-06,0.007246494293212891
