Iterations,Function,Gradient,Time
0,15.282441228918024,10.72615594449126,0.0
1,15.282441228918024,10.72615594449126,0.003060579299926758
