Iterations,Function,Gradient,Time
0,7.742097457890564,8.262243818079694,0.0
1,0.9146638943652399,1.4500503965513893,0.0004391670227050781
2,0.39791836737547814,0.023288105928421395,0.002808809280395508
3,0.39791836737547814,0.023288105928421395,0.005125522613525391
