Iterations,Function,Gradient,Time
0,4.309786176920964,8.276370967782047,0.0
1,0.8815637776099755,3.2194344885300894,0.0004429817199707031
2,0.3983302127308409,0.058199454588522694,0.002817392349243164
3,0.39788735791047114,4.072244378025082e-05,0.005229473114013672
4,0.39788735791047114,4.072244378025082e-05,0.0068361759185791016
