Iterations,Function,Gradient,Time
0,16.730068553325854,12.107356432773924,0.0
1,16.730068553325854,12.107356432773924,0.0031402111053466797
