Iterations,Function,Gradient,Time
0,1.4198825515950362,3.5049698614573193,0.0
1,0.3998836158704509,0.20741788496249924,0.0005083084106445312
2,0.39788736122604246,0.0002707679162369535,0.0029251575469970703
3,0.39788736122604246,0.0002707679162369535,0.005346775054931641
