Iterations,Function,Gradient,Time
0,15.528983673886318,10.754401723349549,0.0
1,15.528983673886318,10.754401723349549,0.00286865234375
