Iterations,Function,Gradient,Time
0,0.7354169005603431,2.6511215895974822,0.0
1,0.3979236086793205,0.02452194667516545,0.0004417896270751953
2,0.39788735773062295,4.416601197275652e-06,0.0032279491424560547
3,0.39788735773062295,4.416601197275652e-06,0.005637407302856445
