Iterations,Function,Gradient,Time
0,3.876152361726683,7.452680896770262,0.0
1,0.9625227801660412,3.4914430639415173,0.0004203319549560547
2,0.39852529907565126,0.07168068636673892,0.0025844573974609375
3,0.397887358102658,5.695585813454924e-05,0.004099130630493164
4,0.397887358102658,5.695585813454924e-05,0.005663871765136719
