Iterations,Function,Gradient,Time
0,0.8266396944851181,2.5249518784769736,0.0
1,0.39794598658824104,0.035850377164181886,0.00045871734619140625
2,0.39794598658824104,0.035850377164181886,0.002750873565673828
