Iterations,Function,Gradient,Time
0,2.3269501486700648,6.476791468131022,0.0
1,0.4032095897109777,0.220897814601325,0.00038361549377441406
2,0.4032095897109777,0.220897814601325,0.002679586410522461
