Iterations,Function,Gradient,Time
0,7.921230666154861,8.332687135344477,0.0
1,7.921230666154861,8.332687135344477,0.0004227161407470703
