Iterations,Function,Gradient,Time
0,5.9606087864404715,9.290422250482036,0.0
1,4.375221276943511,7.06486083250086,0.00042319297790527344
2,0.9084998904015217,3.332719426291801,0.0030269622802734375
3,0.39832758666789625,0.056474278401447885,0.005670070648193359
4,0.3978873579073092,4.132092326182525e-05,0.007946252822875977
5,0.3978873579073092,4.132092326182525e-05,0.009385108947753906
