Iterations,Function,Gradient,Time
0,3.9536709275112556,6.140553124899495,0.0
1,0.40357239587502763,0.34439929288211724,0.00040912628173828125
2,0.40357239587502763,0.34439929288211724,0.002916097640991211
