Iterations,Function,Gradient,Time
0,3.683684774916923,3.5899103287771053,0.0
1,0.401603582810813,0.2530233570951319,0.0004165172576904297
2,0.401603582810813,0.2530233570951319,0.002516031265258789
