Iterations,Function,Gradient,Time
0,4.6985159091957645,7.661823384709584,0.0
1,1.8575226263741154,4.598015874229501,0.0003669261932373047
2,0.41123458879881386,0.5449521492457917,0.0025625228881835938
3,0.41123458879881386,0.5449521492457917,0.004811525344848633
