Iterations,Function,Gradient,Time
0,10.818732063896936,13.678762706677121,0.0
1,0.45042782212544313,0.7279698334583377,0.0004353523254394531
2,0.39788893473274456,0.0025277335172252833,0.002694845199584961
3,0.3978873577297401,1.533877194563965e-07,0.004945278167724609
4,0.3978873577297401,1.533877194563965e-07,0.007169008255004883
