Iterations,Function,Gradient,Time
0,1.6609380012036778,3.2895774868947587,0.0
1,0.3979535678516957,0.036410022598563734,0.0004563331604003906
2,0.3978873577329216,5.0527445859221955e-06,0.002846956253051758
3,0.3978873577329216,5.0527445859221955e-06,0.005150794982910156
