Iterations,Function,Gradient,Time
0,0.44212501719283465,0.9576376389560369,0.0
1,0.44212501719283465,0.9576376389560369,0.0003657341003417969
