Iterations,Function,Gradient,Time
0,1.8191809159392744,2.6721600540978887,0.0
1,0.3981826095142263,0.03380434254701019,0.0003750324249267578
2,0.3981826095142263,0.03380434254701019,0.002604961395263672
