Iterations,Function,Gradient,Time
0,9.37680766898784,11.172648561255873,0.0
1,7.07710450637006,10.530904998553467,0.00045800209045410156
2,0.6707052926007788,1.3258286448858507,0.0032448768615722656
3,0.3978873578430111,4.6646260472517714e-05,0.005129098892211914
4,0.3978873578430111,4.6646260472517714e-05,0.009351491928100586
