Iterations,Function,Gradient,Time
0,4.489285792965969,6.748332011240525,0.0
1,0.7479251461999591,2.7704763647839323,0.0003807544708251953
2,0.39802680301558013,0.02673709787682877,0.002693653106689453
3,0.39802680301558013,0.02673709787682877,0.0049092769622802734
