Iterations,Function,Gradient,Time
0,4.6984806371193235,6.584457816961406,0.0
1,0.679029559414451,2.4882788043407924,0.00044989585876464844
2,0.39796043738194636,0.017366192829399867,0.0028488636016845703
3,0.3978873577334475,7.123035654116739e-06,0.0051822662353515625
4,0.3978873577334475,7.123035654116739e-06,0.0071430206298828125
