Iterations,Function,Gradient,Time
0,2.9189043999949407,7.371307708372213,0.0
1,0.43534662980069755,0.6935513143411633,0.00045871734619140625
2,0.39788819421682275,0.0017372086587300712,0.002885580062866211
3,0.39788819421682275,0.0017372086587300712,0.005218505859375
