Iterations,Function,Gradient,Time
0,7.361514656912034,9.16972681178122,0.0
1,1.4494068086437293,4.826679343693378,0.00045800209045410156
2,0.4000559021243536,0.1392144129433092,0.0027811527252197266
3,0.4000559021243536,0.1392144129433092,0.005109310150146484
