Iterations,Function,Gradient,Time
0,7.365246128391185,8.74349910048043,0.0
1,0.8303562752496749,2.78982362884322,0.0004947185516357422
2,0.3979507796989285,0.03729553150690107,0.0029430389404296875
3,0.397887357733492,8.759455973881083e-06,0.0053594112396240234
4,0.397887357733492,8.759455973881083e-06,0.007889270782470703
