Iterations,Function,Gradient,Time
0,1.3393841997610703,3.9266191590697255,0.0
1,0.40224913076497787,0.31119322830048857,0.00039386749267578125
2,0.40224913076497787,0.31119322830048857,0.002699136734008789
