Iterations,Function,Gradient,Time
0,1.4913161523758334,2.4165928417820264,0.0
1,0.3979083150987588,0.01976490255296229,0.0005481243133544922
2,0.3978873577300569,1.331468265125712e-06,0.004080057144165039
3,0.3978873577300569,1.331468265125712e-06,0.00736689567565918
