Iterations,Function,Gradient,Time
0,25.054020789421564,19.173309848859642,0.0
1,25.054020789421564,19.173309848859642,0.003360271453857422
