Iterations,Function,Gradient,Time
0,4.526084505007849,5.725737450136335,0.0
1,0.398203391038134,0.07901665094621102,0.00037670135498046875
2,0.398203391038134,0.07901665094621102,0.0026018619537353516
