Iterations,Function,Gradient,Time
0,12.337516218157162,12.522762689927543,0.0
1,3.6980018832960875,3.81640861353887,0.0012927055358886719
2,0.3987592884721461,0.05540025022963221,0.004385948181152344
3,0.39788735796903046,6.248493216853954e-05,0.006747245788574219
4,0.39788735796903046,6.248493216853954e-05,0.008173227310180664
