Iterations,Function,Gradient,Time
0,5.239372035426809,9.909715279749218,0.0
1,0.43474296259545603,0.6457183072045732,0.0003829002380371094
2,0.43474296259545603,0.6457183072045732,0.0026106834411621094
