Iterations,Function,Gradient,Time
0,1.9201263369457993,2.9494093875207095,0.0
1,0.39791460461267086,0.022608896950280226,0.0005006790161132812
2,0.39788735773027634,1.7639466446780562e-06,0.0029535293579101562
3,0.39788735773027634,1.7639466446780562e-06,0.005152702331542969
