Iterations,Function,Gradient,Time
0,4.236315471133741,5.5356494871531305,0.0
1,0.3986793746136999,0.12594490199697056,0.00040030479431152344
2,0.3986793746136999,0.12594490199697056,0.002719402313232422
