Iterations,Function,Gradient,Time
0,2.1996712191739416,3.499704457378791,0.0
1,0.42522365411043644,0.6423937782763978,0.0004334449768066406
2,0.3978878370742152,0.0015635024874547257,0.002722024917602539
3,0.3978878370742152,0.0015635024874547257,0.0050013065338134766
