Iterations,Function,Gradient,Time
0,8.564292064406319,10.673583624593912,0.0
1,5.896861380050964,7.3672332989033675,0.0004961490631103516
2,1.364619321147384,4.559114280800621,0.002797365188598633
3,0.40101733279150137,0.1810991938091861,0.005231142044067383
4,0.3978873658469205,0.00021776271388746353,0.006697654724121094
5,0.3978873658469205,0.00021776271388746353,0.008124589920043945
