Iterations,Function,Gradient,Time
0,16.333835627684145,15.434395143979769,0.0
1,16.333835627684145,15.434395143979769,0.0038614273071289062
