Iterations,Function,Gradient,Time
0,13.258340437880149,12.49144287056003,0.0
1,5.910065749307868,7.367255342189764,0.0005128383636474609
2,0.43927846388944203,0.45118582612067576,0.003233671188354492
3,0.43927846388944203,0.45118582612067576,0.005438804626464844
