Iterations,Function,Gradient,Time
0,12.448695523552507,10.353079733940529,0.0
1,2.0979898864148763,5.592898145600069,0.0010840892791748047
2,0.43395909280197664,0.7064811276531086,0.0035538673400878906
3,0.3978881485988305,0.0018270717007461072,0.0059833526611328125
4,0.3978881485988305,0.0018270717007461072,0.008316993713378906
