Iterations,Function,Gradient,Time
0,11.519014424935703,9.36889278076949,0.0
1,11.37733454554919,10.40832800985985,0.0009038448333740234
2,11.37733454554919,10.40832800985985,0.005489349365234375
