Iterations,Function,Gradient,Time
0,2.9203718480715617,2.9081800932132666,0.0
1,0.40574168637973884,0.3579869519174515,0.0004603862762451172
2,0.3978874003048371,0.0004475015974593112,0.0028450489044189453
3,0.3978874003048371,0.0004475015974593112,0.00521540641784668
