Iterations,Function,Gradient,Time
0,9.123182915142575,10.089261912756545,0.0
1,5.915931427724597,9.478048292325663,0.0005199909210205078
2,3.751413350778414,6.600584322418396,0.0030601024627685547
3,0.6529017533469821,2.3659160778057085,0.005349874496459961
4,0.3979470386312597,0.015486539514034508,0.007457733154296875
5,0.3979470386312597,0.015486539514034508,0.008853673934936523
