Iterations,Function,Gradient,Time
0,6.587946868319545,10.122235931372689,0.0
1,5.476402059104802,7.70527398062293,0.0004324913024902344
2,1.865501492008144,5.559901299897808,0.00276947021484375
3,0.41074704087784475,0.39848429021298387,0.004755973815917969
4,0.3978874721086107,0.0006538805038202044,0.006466865539550781
5,0.3978874721086107,0.0006538805038202044,0.00822591781616211
