Iterations,Function,Gradient,Time
0,21.172436242426603,11.56832815518114,0.0
1,15.146840933018158,12.28466942573485,0.0002884864807128906
2,4.375082979141373,7.976748985058341,0.0018248558044433594
3,1.036047532642851,2.3582312217077623,0.003116607666015625
4,0.399673843149071,0.15579710113481626,0.004567623138427734
5,0.3978873602106335,9.665921453464052e-05,0.006231784820556641
6,0.39788735772973816,2.325549452684463e-10,0.00762486457824707
