Iterations,Function,Gradient,Time
0,5.327504326140872,6.454371937558551,0.0
1,2.9268113236823883,3.374897519806747,0.00028586387634277344
2,1.6408386411638276,3.427369366709139,0.0033812522888183594
3,0.9482943240523517,1.5763590615550735,0.006340742111206055
4,0.39845251243248486,0.09103650572896303,0.00913548469543457
5,0.3978873579788244,2.9676477467459377e-05,0.01089024543762207
6,0.39788735772973816,2.1786788467955395e-11,0.012269735336303711
