Iterations,Function,Gradient,Time
0,3.447891314198436,5.589630971394443,0.0
1,1.8445415463640589,2.2667612718291617,0.0003364086151123047
2,0.505539319203529,1.014945624988173,0.003225564956665039
3,0.39788849689025607,0.004822272770630677,0.005391359329223633
4,0.3978873577297391,9.506578685758693e-08,0.00784611701965332
