Iterations,Function,Gradient,Time
0,15.669074676030405,15.259969221396496,0.0
1,8.68246652301955,12.434251479645228,0.0002524852752685547
2,0.741889784842236,2.774539172160684,0.0027909278869628906
3,0.3979607219820811,0.01596037757022343,0.005471944808959961
4,0.3978873577320734,6.035302562772328e-06,0.007772922515869141
5,0.39788735772973816,1.202617144894266e-13,0.010539054870605469
