Iterations,Function,Gradient,Time
0,3.1154325510767333,4.134064122908776,0.0
1,1.8479951736512974,2.4127816848990746,0.0004508495330810547
2,0.9252796541717512,2.4945782549863056,0.003530263900756836
3,0.3981158553103648,0.06354630283862245,0.006270170211791992
4,0.3978873577690767,2.950760929334636e-05,0.008450031280517578
5,0.39788735772973816,4.891455778170343e-12,0.010754585266113281
