Iterations,Function,Gradient,Time
0,7.852826223126876,10.224411520519798,0.0
1,3.3606795324317957,7.390982160647206,0.000255584716796875
2,0.6391963536248813,2.286643001576946,0.0032401084899902344
3,0.3979476529037056,0.01625211545476112,0.005990266799926758
4,0.39788735773243067,5.9730491622953134e-06,0.007660865783691406
5,0.39788735772973816,1.6741488457322475e-13,0.009353399276733398
