Iterations,Function,Gradient,Time
0,15.227120583958904,15.552587292340633,0.0
1,8.19378831809237,12.328428223573125,0.0002980232238769531
2,0.6498037622706292,2.2066764274779835,0.002908468246459961
3,0.39791287008246523,0.023327880829724455,0.004782676696777344
4,0.3978873577303598,3.6502542427951e-06,0.007149696350097656
5,0.39788735772973816,8.862833977385245e-14,0.008970975875854492
