Iterations,Function,Gradient,Time
0,1.3535799193630824,1.8056545846721572,0.0
1,0.6654821047080811,0.9744344984030304,0.0004031658172607422
2,0.3979451622319942,0.029839918872818644,0.0024497509002685547
3,0.39788735773235967,3.0182007974430838e-06,0.004068136215209961
4,0.39788735772973816,2.1540090312138208e-13,0.0056514739990234375
