Iterations,Function,Gradient,Time
0,10.100586579749798,11.293550391562473,0.0
1,5.292063225007296,7.746348679587635,0.00029921531677246094
2,1.9354409466023106,2.8378123150114907,0.003238677978515625
3,1.1993738874437172,2.407031373872938,0.005482912063598633
4,0.3978944042915642,0.011755294874078576,0.007344722747802734
5,0.397887357729774,5.09446775783727e-07,0.010213375091552734
