Iterations,Function,Gradient,Time
0,3.4645170590876093,4.296215737540174,0.0
1,2.1393393297614045,2.644269853647356,0.0002770423889160156
2,1.0215154707767091,2.850146836007868,0.002807140350341797
3,0.397979452662,0.044457652341837496,0.004468679428100586
4,0.39788735773627315,9.231559926010981e-06,0.006041288375854492
5,0.39788735772973816,5.793919033205378e-13,0.007661342620849609
