Iterations,Function,Gradient,Time
0,3.281634056726839,7.8748354820396855,0.0
1,0.696061562346428,2.4020848460876745,0.0002617835998535156
2,0.3979205904622918,0.026493138241654998,0.002513408660888672
3,0.39788735773078937,4.765875283526491e-06,0.004733085632324219
4,0.39788735772973816,1.5189914944459437e-13,0.00615382194519043
