Iterations,Function,Gradient,Time
0,12.8082491161579,9.12194726066012,0.0
1,8.129813859866326,9.179350639212409,0.0004413127899169922
2,1.641755527027156,2.853073545331073,0.003448486328125
3,1.0468349501326168,2.010697578699939,0.006091117858886719
4,0.39788759090342174,0.002110859954392181,0.008364677429199219
5,0.3978873577297382,1.5701695802702518e-08,0.010355234146118164
