Iterations,Function,Gradient,Time
0,8.563280409926104,8.839479092286044,0.0
1,4.645061497091915,6.517766139909515,0.00033926963806152344
2,2.148461744045238,3.986851015695343,0.0033533573150634766
3,1.2528732832423186,1.9261425464410173,0.005501270294189453
4,0.39806829626217505,0.041697439667769925,0.0070803165435791016
5,0.39788735776016565,1.4853694816864153e-05,0.008809089660644531
6,0.39788735772973816,2.9386328855998737e-12,0.010288715362548828
