Iterations,Function,Gradient,Time
0,11.667522233223526,12.038451089789866,0.0
1,6.319835537464681,9.082342042192138,0.0002856254577636719
2,1.5945603263953594,2.091935573718784,0.0029435157775878906
3,0.7247279529703516,2.2689040603798905,0.00559544563293457
4,0.39800015435183145,0.04951158264218436,0.008668899536132812
5,0.3978873577397855,1.201816211621916e-05,0.011377096176147461
6,0.39788735772973816,1.0337613916146107e-12,0.013691186904907227
