Iterations,Function,Gradient,Time
0,2.256087680224827,6.217098313794337,0.0
1,0.4748124296175764,0.9061896026159793,0.0004534721374511719
2,0.3978977935859543,0.010093305288663564,0.00264739990234375
3,0.39788735772984096,8.645528425331306e-07,0.004414796829223633
