Iterations,Function,Gradient,Time
0,16.910433406373862,12.322017151387065,0.0
1,10.830904292462783,11.663655641353778,0.00028014183044433594
2,2.098159303128683,4.791911954149352,0.0029289722442626953
3,0.8877839284715914,1.457702423090221,0.0052759647369384766
4,0.39828415723328225,0.0763879651018341,0.007439851760864258
5,0.397887357853322,2.0928123067170228e-05,0.009178400039672852
6,0.39788735772973816,1.0859188303398334e-11,0.011039257049560547
