Iterations,Function,Gradient,Time
0,1.5768505641148483,2.1661179540755366,0.0
1,0.8794248237046748,1.746835819059235,0.0002200603485107422
2,0.3979503591883599,0.016350329369627787,0.0018668174743652344
3,0.39788735773258543,6.193586893158612e-06,0.004031181335449219
4,0.39788735772973816,1.7265695545429918e-13,0.005876302719116211
