Iterations,Function,Gradient,Time
0,3.5198099601566932,7.449426732430202,0.0
1,0.9134803462658112,2.8158038689387186,0.0003247261047363281
2,0.39818607579614695,0.08042160565911534,0.0022940635681152344
3,0.3978873577986713,3.0687432154320785e-05,0.003961086273193359
4,0.39788735772973816,6.571822229845875e-12,0.005624294281005859
