Iterations,Function,Gradient,Time
0,3.709364993486856,6.1426757015822355,0.0
1,1.6367405202215588,2.3857005833843146,0.00029158592224121094
2,0.986943979778799,2.357466482713627,0.003119230270385742
3,0.3979152192599662,0.02380561323885439,0.006128072738647461
4,0.3978873577303068,2.2673984571782974e-06,0.009481191635131836
5,0.39788735772973816,2.3948172538090422e-14,0.01149606704711914
