Iterations,Function,Gradient,Time
0,6.113230608554807,6.941627842452235,0.0
1,3.414749569860067,3.9433398931483623,0.00026798248291015625
2,1.970314344025874,3.569396463992189,0.002974271774291992
3,1.1569139542093219,1.9140769930078125,0.0057375431060791016
4,0.39930319166442735,0.14439719679213836,0.008449792861938477
5,0.3978873592476332,7.267715569009875e-05,0.010859012603759766
6,0.39788735772973816,1.269324538290005e-10,0.012612104415893555
