Iterations,Function,Gradient,Time
0,9.247188955961452,9.717931626662741,0.0
1,4.991686267225343,7.082429610718964,0.0002543926239013672
2,1.9709898426925065,3.1714489109270545,0.0026476383209228516
3,1.2163631415071186,2.1415137516598834,0.0052013397216796875
4,0.4000412346197652,0.1769631338891948,0.0077822208404541016
5,0.39788736120253626,0.00010994644756819444,0.009707450866699219
6,0.39788735772973816,2.908155652056666e-10,0.01219320297241211
