Iterations,Function,Gradient,Time
0,3.3648707744294755,6.45548361547496,0.0
1,1.2815698810757286,2.1316167864673528,0.0002930164337158203
2,0.39791859371863075,0.023959136190423006,0.0026750564575195312
3,0.397887357730447,1.9192632253047585e-06,0.004887104034423828
4,0.39788735772973816,1.7357303047306633e-14,0.006762981414794922
