iteration,fx,dfx
0,4611.051086968765,3242.376107923139
1,4568.910181589553,3228.37943622239
2,2446.8551895398837,1959.0898575259343
3,772.4258845793285,760.8477616969092
4,733.6500918875396,694.560059019776
5,537.8764621108447,573.4082338340897
6,256.7911371900416,323.4975953703943
7,250.41148096916277,266.5602537147832
8,162.54973659775115,68.25349959708896
9,154.25674917078203,73.24358545321792
10,154.25674917078203,73.2435854532179
