iteration,fx,dfx
0,48.33139547555972,227.05432667222723
1,23.010415557829184,28.070863570439744
2,23.010415557829184,28.07086357043975
