iteration,fx,dfx
0,56.02656297865977,109.81706787089304
1,24.303641209275405,110.32212391757194
2,3.7845196699724397,84.37201432464987
3,2.7347626220579926,34.835662758874214
4,2.3819842676783995,9.554202538154312
5,2.3819842676783995,9.55420253815431
