iteration,fx,dfx
0,3688.0,2520.704663382841
1,7.981391395513515,5.201288872283742
2,7.87724007561038,0.5770422795119627
3,7.8769634054006294,0.012216305127497433
4,7.8769634054006294,0.012216305127397862
