Iterations,Function,Gradient,Time
0,5.5629089248209205,8.98711290684511,0.0
1,4.700603360525542,8.25013059113756,0.00013494491577148438
2,3.211305870217104,6.614337500194003,0.0012066364288330078
3,2.0665344804031625,4.820908815064744,0.0023038387298583984
4,1.288784632336897,2.98308515452027,0.003337383270263672
5,0.8661668019465913,1.4418586018040833,0.0044062137603759766
6,0.6616998457639566,1.0137807815681064,0.005561113357543945
7,0.6616998457639566,1.0137807815681064,0.006635904312133789
