Iterations,Function,Gradient,Time
0,1.1999952312551176,3.5778394760190384,0.0
1,0.8912745058197762,2.6006500111286432,0.0002894401550292969
2,0.6795070534006344,1.654907352791926,0.0026121139526367188
3,0.6795070534006344,1.654907352791926,0.00486302375793457
