Iterations,Function,Gradient,Time
0,1.8774153384361265,4.63126965814934,0.0
1,1.4610250168837382,3.699128603265555,0.0002543926239013672
2,0.9082365440396841,1.9063170516837638,0.0024919509887695312
3,0.6730379781270384,0.9893711040568295,0.004700422286987305
4,0.5170862367416409,0.6790009757192038,0.0068132877349853516
5,0.4396762843383385,0.6310845555715516,0.00869297981262207
6,0.39788996027581125,0.005037016846760933,0.009972810745239258
7,0.3978873577297443,2.1651702774940978e-07,0.011267900466918945
8,0.3978873577297443,2.1651702774940978e-07,0.012525558471679688
