Iterations,Function,Gradient,Time
0,1.7248779345278331,2.611231299100373,0.0
1,1.4900720324182521,2.129356799299276,0.0002243518829345703
2,1.4900720324182521,2.129356799299276,0.0023615360260009766
