Iterations,Function,Gradient,Time
0,3.4053369066176735,7.346350007655187,0.0
1,2.7121444709212525,6.50776541530247,0.0002269744873046875
2,2.1056377888863045,5.614075765897512,0.0022721290588378906
3,1.5909108232583,4.673926237176644,0.004437685012817383
4,1.17211854164188,3.6977628499239605,0.006867170333862305
5,0.8522235673389591,2.700027276376668,0.009192705154418945
6,0.6323382155154833,1.7079405494594921,0.01102590560913086
7,0.6323382155154833,1.7079405494594921,0.012450456619262695
