Iterations,Function,Gradient,Time
0,6.420480346763895,9.99820180052851,0.0
1,5.4561532620408615,9.278587063523203,0.000247955322265625
2,3.7585305856608,7.6632848188868214,0.002412557601928711
3,2.4043884928267345,5.85356395482197,0.0046138763427734375
4,1.4266712943198174,3.9172738913542515,0.006071567535400391
5,0.840385758607137,1.996927805738225,0.007374763488769531
6,0.6101552075057679,0.8659942665682125,0.008735418319702148
7,0.6101552075057679,0.8659942665682125,0.01003265380859375
