Iterations,Function,Gradient,Time
0,9.644794742787857,10.913896296418141,0.0
1,8.56709611521455,10.624799314271083,0.00023674964904785156
2,6.521209556942027,9.774900006966774,0.002379894256591797
3,4.679993556164811,8.582802557048117,0.004408597946166992
4,3.1085486644162845,7.084296284286854,0.006451129913330078
5,1.8635248832873847,5.327930990556879,0.008529424667358398
6,0.9906896335357787,3.3748732478577423,0.010666131973266602
7,0.5219336970631087,1.3177521450696283,0.01237034797668457
8,0.5219336970631087,1.3177521450696283,0.013674020767211914
