Iterations,Function,Gradient,Time
0,1.1550487941752026,3.9735118176535127,0.0
1,0.8135250694117999,2.858350418835919,0.0002529621124267578
2,0.4632018033497159,0.7200376863275025,0.002433300018310547
3,0.43090049138336667,0.39757800058060855,0.004531383514404297
4,0.3978880516127382,0.002883028537782964,0.005807638168334961
5,0.3978880516127382,0.002883028537782964,0.007055521011352539
