Iterations,Function,Gradient,Time
0,3.5077659876809784,5.3018889909866544,0.0
1,3.013177858348354,4.5931871389714445,0.0002243518829345703
2,2.5892781615418095,3.8960462215520373,0.00229644775390625
3,2.2330880557872907,3.249608874442496,0.0043413639068603516
4,1.9372519607288181,2.700214839450213,0.006838798522949219
5,1.6899429102040386,2.283468872320363,0.008327484130859375
6,1.6899429102040386,2.283468872320363,0.009993314743041992
