Iterations,Function,Gradient,Time
0,0.8531255842698793,1.3073203882797788,0.0
1,0.7356637215356565,1.078501476947724,0.0002524852752685547
2,0.5550223261342193,0.7387256037949679,0.0025365352630615234
3,0.44356867156806035,0.4201335089823747,0.005662202835083008
4,0.41319873595709744,0.4496481512879325,0.007483720779418945
5,0.3978874548841047,0.001441731041046734,0.010732412338256836
6,0.3978874548841047,0.001441731041046734,0.012421369552612305
