Iterations,Function,Gradient,Time
0,0.5508769717757588,1.8101027931431046,0.0
1,0.42526448009002804,0.7072828470644646,0.00023794174194335938
2,0.42526448009002804,0.7072828470644646,0.0024504661560058594
