Iterations,Function,Gradient,Time
0,1.2692351682367256,4.1352446442614506,0.0
1,0.9085904966515794,3.077328094760443,0.00023818016052246094
2,0.5062052468798364,1.0014764868731976,0.002328634262084961
3,0.4482246992149541,0.47071599024079874,0.004478931427001953
4,0.4212188991767992,0.4673303148212076,0.008871078491210938
5,0.3978880840942027,0.0026077613896724017,0.010650396347045898
6,0.3978880840942027,0.0026077613896724017,0.011998653411865234
