Iterations,Function,Gradient,Time
0,3.2300618165503803,6.501963586822026,0.0
1,2.6229902074468394,5.635631887118704,0.0002770423889160156
2,2.1039937759033775,4.743626001430069,0.002573251724243164
3,1.6748443133068003,3.8437664171904204,0.004790067672729492
4,1.335100395153986,2.964658294489158,0.007059812545776367
5,1.0805545457711707,2.158062437852946,0.008700132369995117
6,0.8999222695412668,1.5197805196834981,0.010041952133178711
7,0.8999222695412668,1.5197805196834981,0.014028072357177734
