Iterations,Function,Gradient,Time
0,2.9356825490872427,6.913349032799131,0.0
1,2.2857733333342436,6.073733517100756,0.0002655982971191406
2,1.7230416054710367,5.1709776786174775,0.0025365352630615234
3,1.2534386590644857,4.21242053336222,0.004681587219238281
4,0.8821583221579634,3.205858286216747,0.006028413772583008
5,0.6135954158709268,2.1594627869059106,0.0074176788330078125
6,0.4513117232129646,1.0817311944777144,0.008714914321899414
7,0.4513117232129646,1.0817311944777144,0.009989500045776367
