Iterations,Function,Gradient,Time
0,1.037740473363086,2.091364762284337,0.0
1,0.8638567764198612,1.45555081826806,0.00024008750915527344
2,0.8638567764198612,1.45555081826806,0.0024471282958984375
