Iterations,Function,Gradient,Time
0,1.5470641242020577,4.732066831330787,0.0
1,1.129345460454473,3.62479472646259,0.0002532005310058594
2,0.6236448513449286,1.4935058881179477,0.0024576187133789062
3,0.5003898393729069,0.660374032131328,0.0045855045318603516
4,0.4424451991526221,0.6780008436889119,0.006578922271728516
5,0.39788764635521195,0.0024415950664941413,0.007879257202148438
6,0.39788764635521195,0.0024415950664941413,0.00918436050415039
