Iterations,Function,Gradient,Time
0,5.399369850593089,7.795676024458897,0.0
1,4.647903091727862,7.221404299599275,0.0002491474151611328
2,3.3359816148347163,5.86036740363779,0.002605438232421875
3,2.3182910164418926,4.308124960623929,0.007590532302856445
4,1.6172766787129256,2.767605955594678,0.009381771087646484
5,1.1938343709280548,1.716886590232645,0.010840892791748047
6,0.8974967555109711,1.3277785426281883,0.012269258499145508
7,0.6689419468048943,0.9763104482322215,0.013686895370483398
8,0.6689419468048943,0.9763104482322215,0.015101194381713867
