Iterations,Function,Gradient,Time
0,9.924240626403115,13.037511844932844,0.0
1,8.653799336900285,12.360890383117765,0.001592397689819336
2,6.33163894817609,10.82084836542053,0.004933595657348633
3,4.340853315726136,9.051520840756767,0.008670568466186523
4,2.7241156578206436,7.087014566980331,0.01187753677368164
5,1.51602035407879,4.973651203801769,0.015076398849487305
6,0.7408617155973569,2.76769588916104,0.018830060958862305
7,0.41089846190026647,0.5332186854877247,0.02252364158630371
8,0.41089846190026647,0.5332186854877247,0.02614283561706543
