Iterations,Function,Gradient,Time
0,1.537810856338698,4.714239378833102,0.0
1,0.5369760467521272,0.7054712688170232,0.00028395652770996094
2,0.4144367716651551,0.558777813987124,0.0030508041381835938
3,0.40002207663949746,0.0870223481193341,0.005043983459472656
4,0.3981139935271261,0.06621368148651088,0.007538795471191406
5,0.39791174602060553,0.009296015976941777,0.00923013687133789
6,0.39788990261911095,0.0070293227625649055,0.011556863784790039
7,0.3978876236854324,0.0009706961357065952,0.014096736907958984
8,0.3978873854292022,0.0007335024748411725,0.01640033721923828
