Iterations,Function,Gradient,Time
0,2.04444813753129,6.00597938153705,0.0
1,1.4972818755605615,4.932905675665262,0.00019788742065429688
2,0.7304332050423367,2.725553088582438,0.0024530887603759766
3,0.40892756002663716,0.49100315077052675,0.004721641540527344
4,0.39805487948462265,0.024090650769389724,0.00629115104675293
5,0.3978875021925814,0.0017890454124274925,0.00772857666015625
6,0.3978875021925814,0.0017890454124274925,0.00908350944519043
