Iterations,Function,Gradient,Time
0,9.673798419576691,10.68196233966607,0.0
1,4.755726088174248,8.613467362976603,0.00034999847412109375
2,0.42530147971707044,0.7671091171896,0.003307819366455078
3,0.39870940315652226,0.05339493855414915,0.006317853927612305
4,0.39789393185672894,0.01201931948859198,0.009164571762084961
5,0.39788740766424135,0.00041619919411322725,0.011566638946533203
6,0.39788735807401265,8.70117173598886e-05,0.013473272323608398
