Iterations,Function,Gradient,Time
0,1.9748274995980672,5.891575555954505,0.0
1,0.4038358672977372,0.35543276207405,0.00019788742065429688
2,0.39811318835297627,0.028031831444852672,0.0027620792388916016
3,0.3978921845757542,0.010211006990624246,0.005239009857177734
4,0.3978874629581637,0.0006050147964332782,0.008329629898071289
5,0.39788735995942365,0.00021953274180564158,0.010454416275024414
