Iterations,Function,Gradient,Time
0,15.90588736774845,10.220709506844806,0.0
1,10.562342875795506,10.806190607962998,0.00017547607421875
2,1.807427636628678,5.3219506303693365,0.0030596256256103516
3,0.41917172036376477,0.6779221987768825,0.005428314208984375
4,0.3984193131150461,0.04294221552063504,0.007021427154541016
5,0.3978900076381443,0.007644303593891294,0.008353710174560547
6,0.3978873700088213,0.00020633532025093475,0.00991964340209961
7,0.39788735778110157,3.3663369418168005e-05,0.011296272277832031
