Iterations,Function,Gradient,Time
0,1.812517764224953,5.589337628465741,0.0
1,0.40436642615725654,0.15057046136317423,0.000209808349609375
2,0.3981771522963086,0.07795212447340846,0.0029058456420898438
3,0.3979004981132351,0.006780745888295797,0.005060672760009766
4,0.39788801135308144,0.003692654990964142,0.007232666015625
5,0.39788739025930786,0.00033737431489180386,0.009127616882324219
