Iterations,Function,Gradient,Time
0,4.07882237708426,8.81316203275578,0.0
1,3.246535691263077,7.825366557911248,0.00017905235290527344
2,1.88821265848712,5.735364670907238,0.0022537708282470703
3,0.9595055895762838,3.538955378623859,0.004344463348388672
4,0.4755880280338668,1.2992400095087777,0.00604248046875
5,0.3997924040229477,0.08126853701420725,0.007337331771850586
6,0.397887369472487,0.000500797778707905,0.0086669921875
7,0.397887369472487,0.000500797778707905,0.009999513626098633
