Iterations,Function,Gradient,Time
0,11.073427392302502,11.481015232602225,0.0
1,5.7821622320715065,9.333677008521269,0.0002181529998779297
2,0.6355091143350711,0.9083775313869286,0.0028073787689208984
3,0.4097183605880567,0.49867674706464515,0.005467414855957031
4,0.3984300268666063,0.04346667316528784,0.008326053619384766
5,0.39790221154783434,0.017854345380334893,0.010672569274902344
6,0.397887760887288,0.001184803148981254,0.012515068054199219
7,0.39788736827254495,0.00047593098925343514,0.015151739120483398
