Iterations,Function,Gradient,Time
0,5981.362345949353,7897.70049550821,0.0
1,5232.314984045759,7093.069515169467,0.00019073486328125
2,3961.434498054687,5653.017750767973,0.001377105712890625
3,2957.0433864930574,4425.563742812173,0.0025293827056884766
4,2178.2626750625836,3394.4311270708686,0.0036089420318603516
5,1587.4296048090948,2543.816458563517,0.004678487777709961
6,1149.9804794992142,1858.6670277421347,0.005743741989135742
7,834.2678282503273,1325.057987005171,0.007120370864868164
8,611.3058846918515,930.3740661298799,0.008603572845458984
9,454.5701201689386,661.8643618533009,0.010886669158935547
10,340.444376537911,500.5717520797995,0.013403177261352539
11,250.32447721274826,413.9159502059765,0.014931917190551758
12,173.20448151509024,362.6385930122395,0.01609325408935547
13,105.47981315010004,314.1828602396241,0.01717543601989746
14,49.315368059326644,242.29385022526677,0.018313169479370117
15,11.839515929648721,123.31502098879142,0.019409894943237305
16,3.0527903456594325,33.690265057848876,0.020481586456298828
17,2.4336939850118324,12.96628690720163,0.02155137062072754
18,2.0058056558458315,24.9624277783688,0.022710084915161133
19,1.660804989006287,10.960105086108134,0.023863554000854492
20,1.4210178615485305,19.08253202681318,0.025579452514648438
21,1.2175605824388196,9.243062725492855,0.02679443359375
22,1.2175605824388196,9.243062725492855,0.028039932250976562
