Iterations,Function,Gradient,Time
0,752.9228352995683,2141.202191736149,0.0
1,558.5161605400905,1754.4494886723055,0.0002627372741699219
2,275.2346532572945,1106.2535405120125,0.002588987350463867
3,106.08563864961219,610.0752439854398,0.004648447036743164
4,22.72115488485411,245.76607984996593,0.006165981292724609
5,1.1333325523086262,39.39668453414931,0.007581472396850586
6,0.29652006394946046,5.886278963503739,0.008978605270385742
7,0.29652006394946046,5.886278963503739,0.010323047637939453
