Iterations,Function,Gradient,Time
0,954.964832186644,830.4309452008948,0.0
1,873.1969586245694,805.4153271275072,0.0002720355987548828
2,717.5308025303361,754.5290711149776,0.0025725364685058594
3,571.4095844739569,711.2462989855396,0.0048220157623291016
4,433.25081112973595,672.7741723496612,0.007111787796020508
5,303.61270609227347,620.956075152234,0.00868535041809082
6,187.7367509874768,529.8905871323506,0.010049104690551758
7,95.98691853998895,375.6009734977398,0.011562108993530273
8,42.95528782170591,142.31893384036502,0.012926101684570312
9,35.52268969676393,55.40753896182563,0.014328956604003906
10,32.43547941256216,74.5754053328853,0.015691041946411133
11,29.757975396085193,53.847552817747086,0.017034292221069336
12,27.517208001805905,59.28571665668793,0.01843118667602539
13,25.461155938483362,52.91192342292059,0.019778728485107422
14,23.639748391552864,49.27917636684564,0.02112722396850586
15,21.900324631721748,52.3313913313325,0.02251148223876953
16,20.3306592397034,41.685584469858455,0.023935556411743164
17,18.774732007111,52.012215567229774,0.025382041931152344
18,17.36909831675319,35.398628799118406,0.0268857479095459
19,15.916150053270758,51.9135597096734,0.02833700180053711
20,14.619874270161505,29.828840345368135,0.029747724533081055
21,13.20398416816885,51.990762251427064,0.031197309494018555
22,11.978389561628308,24.55157943115174,0.03268241882324219
23,10.521525526482067,52.03341898331583,0.034226179122924805
24,9.340637207690886,19.100017789556038,0.03565216064453125
25,7.709087166260868,50.49904796469684,0.03699994087219238
26,6.601252190205575,12.583145187904313,0.038411617279052734
27,4.926085077734855,20.033286048712043,0.03986215591430664
28,4.722057735977346,6.035290909111786,0.044538259506225586
29,4.722057735977346,6.035290909111786,0.04612016677856445
