Iterations,Function,Gradient,Time
0,150.57892580197318,694.0436460534069,0.0
1,91.6758942866955,489.23315500379647,0.00027441978454589844
2,27.861611013099374,168.47669925312692,0.0026116371154785156
3,16.035439568278854,36.062483302835865,0.0049250125885009766
4,13.056958451018643,60.95989471391174,0.006937265396118164
5,11.230709804178922,37.84112316069154,0.008327722549438477
6,10.401000105080954,37.49616712314476,0.009952306747436523
7,9.6577014008266,32.977468605464495,0.011307477951049805
8,8.945770692048749,36.44798763851265,0.012710809707641602
9,8.291010355729302,29.172712770231744,0.014437437057495117
10,7.65667511919857,35.43207401888537,0.015833616256713867
11,7.0736746489897895,25.834908697750347,0.01725625991821289
12,6.502692870745712,34.41886548256244,0.018607139587402344
13,5.979924140144707,22.839992833200423,0.01993536949157715
14,5.462347108627687,33.37955436827779,0.0217440128326416
15,4.991765318441748,20.100183327899362,0.023633241653442383
16,4.520592515778691,32.28046097573057,0.025342702865600586
17,4.096705212847629,17.549585779895967,0.02691197395324707
18,3.6671718504802193,31.077080078486407,0.02877497673034668
19,3.286572556026698,15.135669383887832,0.03061223030090332
20,2.8958555397506887,29.70437550772843,0.03217935562133789
21,2.557100918074619,12.813872023812205,0.0337982177734375
22,2.2044069629599354,28.058869543886093,0.03534507751464844
23,1.908230612164079,10.54421318733205,0.036954402923583984
24,1.5953949281830955,25.963149280653635,0.03852510452270508
25,1.3453302603896171,8.290390730198457,0.04006052017211914
26,1.0782775309843595,23.094369461790368,0.04174947738647461
27,1.0782775309843595,23.094369461790368,0.04343295097351074
