Iterations,Function,Gradient,Time
0,830.5641220089985,2014.252724630751,0.0
1,645.8937498030036,1685.3928331484906,0.0002455711364746094
2,366.379165467943,1132.64892270609,0.0023317337036132812
3,184.48711573562102,706.3927767348956,0.004352092742919922
4,76.62904872283897,389.5630631709527,0.006166934967041016
5,22.649541522846043,165.00786621048675,0.007464885711669922
6,6.209836499147124,29.81587737219233,0.008781194686889648
7,5.13936491533002,21.1436743496134,0.01008296012878418
8,4.264526293201941,27.85729310315578,0.01137399673461914
9,3.493395167959555,17.003042120522014,0.012738227844238281
10,2.887665151801868,24.074798086785446,0.014042377471923828
11,2.367607637220938,14.21917326889545,0.015331745147705078
12,1.9828781976724583,19.294805008500475,0.016668319702148438
13,1.658017562785034,12.354924040790971,0.017978191375732422
14,1.4144478544201362,15.23023222892325,0.019271373748779297
15,1.2070815276107227,10.980974254492418,0.020560503005981445
16,1.042158159848104,12.334210262017331,0.021890878677368164
17,0.900042224500929,9.846024680897559,0.0231783390045166
18,0.7821859981630386,10.22733113660716,0.024461984634399414
19,0.679786980085135,8.851173765652064,0.025786161422729492
20,0.5928512262050225,8.610349483675515,0.027081012725830078
21,0.5169417288983098,7.9562883517927565,0.028370380401611328
22,0.4516308092950656,7.3192602117042425,0.029773950576782227
23,0.39444008918494955,7.142244378841193,0.031079530715942383
24,0.008163965448821371,3.276619583985231,0.03234696388244629
25,0.0002870846979486745,0.26812041544658927,0.03364992141723633
26,1.2395795829629314e-06,0.03750857413073094,0.03490877151489258
27,2.528301200668165e-11,8.620910377056561e-05,0.03616523742675781
28,2.528301200668165e-11,8.620910377056561e-05,0.03744769096374512
