Iterations,Function,Gradient,Time
0,1983.046341519998,3911.375102972739,0.0
1,1616.7883654293207,3419.670461474936,0.0002951622009277344
2,1023.2320376449063,2538.24909532005,0.0026574134826660156
3,592.9632592634972,1785.1742821968526,0.005106687545776367
4,301.2573525086516,1151.0754645581146,0.006593465805053711
5,125.21745132669925,627.2159245863514,0.007941007614135742
6,43.53963948497008,208.4674108310273,0.009318828582763672
7,30.687447036014113,48.58401467819474,0.010660648345947266
8,24.08457496491971,81.07655475585005,0.012006282806396484
9,21.187666764526256,45.030706940593106,0.013406038284301758
10,19.03235405905922,68.12573852707813,0.014741659164428711
11,17.1197374931867,38.72151551856639,0.01607036590576172
12,15.087298959978913,68.24578900370526,0.017447948455810547
13,13.290920361255594,32.4375805422304,0.01879262924194336
14,11.083779690860814,70.6669107728461,0.02012157440185547
15,9.24643339770061,25.821223817970488,0.02164626121520996
16,6.486701984078277,67.64972855164731,0.023105621337890625
17,4.797478269648235,17.93894526333233,0.02468395233154297
18,2.1850397195654363,28.36246933976088,0.026152372360229492
19,1.8225854953977296,11.395422737171446,0.027578115463256836
20,1.4391144778886116,25.981523731491496,0.02903890609741211
21,1.1404106004103627,8.69061809797295,0.03044295310974121
22,0.8204221312852407,22.57618799598989,0.031889915466308594
23,0.06955322693140076,3.6506134621594057,0.03329920768737793
24,0.06955322693140076,3.6506134621594057,0.03472161293029785
