Iterations,Function,Gradient,Time
0,540.4749160467792,1736.5244543742078,0.0
1,387.67816392493614,1327.0558670752057,0.00028777122497558594
2,193.8334903482301,640.7659031258808,0.0026443004608154297
3,120.19635965988348,141.7078766200686,0.0050201416015625
4,112.22993280192509,111.1533603067435,0.007613420486450195
5,103.64848137030481,153.77520274290669,0.009586334228515625
6,95.67402411204714,93.62177631973427,0.011020183563232422
7,85.67289874757626,159.67948980751225,0.012399673461914062
8,77.59984316731556,80.07387206300375,0.013733386993408203
9,66.83585943966094,124.77023683434271,0.015117406845092773
10,61.04482920780771,74.31100305395765,0.016468048095703125
11,54.10740819570053,135.49591210244162,0.017798423767089844
12,47.94652974773889,62.32331624267244,0.019177675247192383
13,40.3302317426204,114.64886549896217,0.02086496353149414
14,35.83094904836078,54.60452024543448,0.0224611759185791
15,30.808085311457347,117.19147315827347,0.0240628719329834
16,26.480274971158796,44.52304523975651,0.025575637817382812
17,20.21185827891017,79.46420500003667,0.027109861373901367
18,17.86283605215641,37.821891598890126,0.028641223907470703
19,14.856527927046614,84.03792396289394,0.030118465423583984
20,12.358427500562446,29.926655997664106,0.031662702560424805
21,8.416458095597987,61.44230527074042,0.033426761627197266
22,6.946010588176198,22.456671531534234,0.03525066375732422
23,4.789503406511941,61.78926120526196,0.03707432746887207
24,3.311079303089927,14.952728103975513,0.038912057876586914
25,1.105146805977513,17.15227157227276,0.04071450233459473
26,1.105146805977513,17.15227157227276,0.042472124099731445
