Iterations,Function,Gradient,Time
0,8.234976237101911,78.77637160993251,0.0
1,4.070659532727331,37.88532132781859,0.0002524852752685547
2,3.3533362018509614,17.22697332121569,0.002355337142944336
3,3.1524103437677686,10.924803426611552,0.004396200180053711
4,3.1524103437677686,10.924803426611552,0.005742549896240234
