Iterations,Function,Gradient,Time
0,865.2226674608754,1721.609029986056,0.0
1,706.7912622651014,1453.0389334028912,0.00030922889709472656
2,462.71154955908617,1010.1213298391247,0.0029783248901367188
3,295.57243090762415,680.9774507671584,0.004660844802856445
4,184.49891601908888,446.4135441771766,0.005991935729980469
5,112.61748049674196,285.52918274560636,0.007349491119384766
6,67.30067325981342,177.19916475193034,0.008676290512084961
7,39.9127580739963,103.44596108544727,0.010025501251220703
8,24.869437900830277,52.24490616711248,0.01165771484375
9,18.436282298427074,21.893439524086315,0.013327836990356445
10,14.377438460610719,20.478434754003867,0.014690160751342773
11,11.228128366872864,30.51413875163126,0.016716957092285156
12,10.384482094323845,21.47439515778142,0.018414735794067383
13,9.671688026893243,30.164359543919403,0.019965171813964844
14,8.983032126405822,18.258508150433006,0.021297216415405273
15,8.326297211927237,32.62773733646923,0.022614479064941406
16,7.649335804447058,15.707338074043912,0.024021387100219727
17,6.9786055623622225,36.05054811481642,0.025350332260131836
18,6.274004282902315,13.079070731057794,0.026667356491088867
19,5.5183417507644705,41.43607711848937,0.028044462203979492
20,4.72612929188631,9.768036980993374,0.029643774032592773
21,3.58356482490351,29.323175620143427,0.031271934509277344
22,3.231362025228166,4.993582252038201,0.03264760971069336
23,2.8199607367428516,15.294780006426457,0.033965349197387695
24,2.8199607367428516,15.294780006426457,0.03537178039550781
