Iterations,Function,Gradient,Time
0,23.73995199932934,157.64015607733404,0.0
1,11.24608170813682,89.90714480394803,0.0002524852752685547
2,6.345959837182055,19.56626302453604,0.0030498504638671875
3,6.080199375084123,10.665528539072382,0.005364418029785156
4,6.080199375084123,10.665528539072382,0.00789952278137207
