Iterations,Function,Gradient,Time
0,2764.124474590363,5884.044342821548,0.0
1,2217.181341927407,5065.889718249946,0.0002529621124267578
2,1352.6503335411603,3621.505078122461,0.002413511276245117
3,752.5783544343711,2418.661347383863,0.0045931339263916016
4,370.3557307868558,1441.4868870543958,0.006747007369995117
5,162.0789645215797,683.5452480403735,0.008125543594360352
6,82.43385007949102,227.635365865396,0.009445667266845703
7,48.96607508152153,149.37374212852322,0.010859012603759766
8,38.65126487755541,129.3047758952268,0.012195348739624023
9,34.68748545140473,57.76330443572386,0.013526201248168945
10,31.749871864707806,90.31576591756577,0.014924764633178711
11,29.652496284433184,47.721014934137656,0.016948699951171875
12,27.39103858800093,90.65044777909908,0.01909470558166504
13,25.35862241681568,41.93715030833795,0.02116084098815918
14,22.926224968218275,95.55365957719515,0.023177146911621094
15,20.75948755410417,36.02801278550085,0.02465677261352539
16,17.73799136677159,103.6553776265978,0.026027917861938477
17,15.256637668772933,28.98312436702862,0.027366161346435547
18,11.164356928124885,65.94892912241036,0.028690814971923828
19,10.04067940932259,22.870708308004783,0.030058860778808594
20,8.683666307079775,62.68071249330892,0.03141617774963379
21,7.666085729814167,18.77513002037609,0.03289365768432617
22,6.468582588694552,54.80744978810084,0.03432822227478027
23,5.661223594846323,15.824411388633512,0.035689353942871094
24,5.015996528243903,33.15964219785169,0.037018775939941406
25,4.684081510398997,13.674375483743896,0.038407087326049805
26,4.410005428534433,25.937060161470182,0.03974318504333496
27,4.202044566329931,11.254031493343488,0.04105806350708008
28,3.989979208994992,24.86506506242565,0.04245495796203613
29,3.989979208994992,24.86506506242565,0.043802499771118164
