Iterations,Function,Gradient,Time
0,90.88450113771476,222.43806467056748,0.0
1,70.37818697612185,187.82386404726887,0.00026488304138183594
2,40.019691213875916,121.64969665563908,0.002493619918823242
3,20.82880426050668,75.42533922416415,0.004749774932861328
4,10.383315895129785,36.39361302520053,0.006987810134887695
5,8.377679657795252,37.895561392086805,0.008388519287109375
6,7.5287619079501145,16.653940685135925,0.009729623794555664
7,6.810620550767441,34.731063672848656,0.011088848114013672
8,6.16562190163375,13.851085232989876,0.012471675872802734
9,5.47364383358331,40.7670940972253,0.014011383056640625
10,4.705083553860534,11.841023711675875,0.015522956848144531
11,3.6583817064745414,50.76205106726323,0.01698780059814453
12,2.649006088434879,8.928504348717675,0.018415212631225586
13,1.5443815892501824,13.649847584192404,0.01988697052001953
14,1.1980556015878019,5.2850618191555565,0.02130293846130371
15,1.1980556015878019,5.2850618191555565,0.0227358341217041
