Iterations,Function,Gradient,Time
0,906.5118977609823,1482.7535478032944,0.0
1,768.7170878854622,1277.895358981712,0.00028586387634277344
2,548.6195011395076,940.1071726885538,0.002750873565673828
3,387.39329504470066,686.1278420535389,0.0052165985107421875
4,270.0546874320234,498.1794254450573,0.008100748062133789
5,185.07398273005862,359.70908524009536,0.010350942611694336
6,124.03145168689355,256.37413718991013,0.011693000793457031
7,81.10450886611991,176.68053593077673,0.013054609298706055
8,52.46740004448122,112.26974790660219,0.014383316040039062
9,35.635458310426614,58.65451951154804,0.01574563980102539
10,28.362491474570966,25.938506637452168,0.01718449592590332
11,23.334177943532588,29.1096946589239,0.018510818481445312
12,18.146784364708513,30.188598505981133,0.01998448371887207
13,14.020208537292673,39.71775031144578,0.02151942253112793
14,11.794932332713849,30.91936691093845,0.02286362648010254
15,10.08925068264291,44.593732861200685,0.024296998977661133
16,8.270430365386925,23.064126098354595,0.025824785232543945
17,6.689895407073827,55.36194810889579,0.02727055549621582
18,4.6840145886271145,16.555546775876103,0.028705596923828125
19,2.2412093277425598,24.67015617496209,0.030077695846557617
20,1.8274177428920737,11.442371641544268,0.03138327598571777
21,1.455582030907346,23.330767679181392,0.03325009346008301
22,1.1256893310626872,8.73743755052385,0.03625059127807617
23,0.8223895654801494,21.258644509087905,0.039223670959472656
24,0.5741963892805512,6.11119346374283,0.04125165939331055
25,0.36896092767172844,10.871507153095482,0.04305291175842285
26,0.36896092767172844,10.871507153095482,0.04605412483215332
