Iterations,Function,Gradient,Time
0,149.7551067300038,498.7931279330858,0.0
1,103.82147800666631,417.6476871722441,0.0002646446228027344
2,39.79668262435732,212.99242352656472,0.0025255680084228516
3,21.79725297262914,47.8402459457632,0.00470423698425293
4,20.168558300703243,46.2183345388563,0.00695037841796875
5,18.64679596862973,46.055447515152316,0.008347034454345703
6,17.275054862980067,39.46268424578014,0.009662866592407227
7,15.96406654530471,44.44611208435809,0.011019229888916016
8,14.782246223162772,33.78329897829639,0.012346029281616211
9,13.627109837837427,42.94189976286074,0.01366114616394043
10,12.592475556404095,28.825987660903724,0.015015840530395508
11,11.556136880747363,41.47103153549905,0.01639723777770996
12,10.640434733557516,24.352420482626325,0.01789402961730957
13,9.696329174931076,39.93384010818626,0.019375085830688477
14,8.881535270845585,20.177223163106312,0.02353215217590332
15,8.010229283700482,38.14582475829445,0.025239944458007812
16,7.288029603333392,16.127325169343354,0.02678513526916504
17,6.477723411647036,35.6683110764079,0.028231382369995117
18,5.8546072788638925,12.00123374537434,0.02964472770690918
19,5.1143504363659344,31.18283904443018,0.03109884262084961
20,4.63258285744381,7.529459372249922,0.03257489204406738
21,4.075883990492408,20.35908023764725,0.034185171127319336
22,3.860845588244215,2.819930567297865,0.03577828407287598
23,3.860845588244215,2.819930567297865,0.03717684745788574
