Iterations,Function,Gradient,Time
0,234.76684761095555,992.4400894107567,0.0
1,148.22519615893202,744.1819250173079,0.0002903938293457031
2,41.68989207002505,341.78357938530183,0.0026099681854248047
3,4.510805642751871,50.24645487452382,0.004758358001708984
4,3.3805775377072695,15.366633466952393,0.007056236267089844
5,1.914351030422337,42.800835932561085,0.008543968200683594
6,1.0672182034501259,8.392736261069201,0.00985264778137207
7,0.18136856378440264,15.998599856544269,0.01118922233581543
8,0.18136856378440264,15.998599856544269,0.012462139129638672
