Iterations,Function,Gradient,Time
0,3383.4257850255553,5725.968206114191,0.0
1,2845.366955645752,5044.58490096988,0.0002503395080566406
2,1960.3179878320175,3841.4719043258224,0.0023622512817382812
3,1295.613112835283,2838.5910329336043,0.004728555679321289
4,812.8819501408075,2019.2870300262846,0.007049560546875
5,477.08775501953323,1366.9251919058556,0.008521080017089844
6,256.5334257110502,864.8505021563642,0.009832382202148438
7,122.86848030987206,496.6084832676667,0.011172056198120117
8,50.97221103235292,247.71902844653866,0.012516260147094727
9,18.16764082453533,109.40013111463556,0.013826131820678711
10,4.739033923084419,31.284233590647993,0.01519465446472168
11,3.0182057793264727,11.227058091138378,0.016533374786376953
12,1.8373785646644407,20.926181809500108,0.017844200134277344
13,1.2481940692608111,9.286900936617517,0.01926398277282715
14,1.2481940692608111,9.286900936617517,0.02063608169555664
