Iterations,Function,Gradient,Time
0,505.1889226928876,847.8677626770807,0.0
1,423.4979335103049,783.7608699948113,0.002057313919067383
2,283.1718294981642,612.9347378108647,0.004739284515380859
3,181.25123249877072,416.2957090358276,0.0066907405853271484
4,114.29939288389197,297.9042383372618,0.008033037185668945
5,61.632219777187764,223.67062872253808,0.00935983657836914
6,27.618854657518817,109.85001406380523,0.010711669921875
7,19.25345049554376,47.70516783427502,0.012026071548461914
8,16.915566118532798,50.428974859285155,0.013572454452514648
9,15.576781258216165,48.843672067995655,0.014927148818969727
10,14.594916388103183,39.43145470098646,0.016237497329711914
11,13.631478064522868,48.22977369205591,0.017593860626220703
12,12.734608050269124,35.2572067420141,0.018920183181762695
13,11.839228210611225,47.770757696599794,0.020238399505615234
14,11.007972116676994,31.487833424133687,0.02157902717590332
15,10.164241191843495,47.372625582202495,0.0229034423828125
16,9.38608859730537,27.993392412552808,0.024317502975463867
17,8.580492752948974,47.02209772392913,0.025720834732055664
18,7.845731789063195,24.67183274393663,0.027044057846069336
19,7.0656536111171775,46.69658624529848,0.02883124351501465
20,6.366681930037842,21.425310533616948,0.030689477920532227
21,5.5985385254446465,46.340200219259636,0.03231692314147949
22,4.929961791396348,18.139934793016128,0.03372311592102051
23,4.156451024338252,45.77505582782627,0.035079002380371094
24,3.517338721678768,14.64831757984881,0.036390066146850586
25,2.713186385584513,44.27237399166004,0.037757158279418945
26,2.119457221501901,10.633574021026087,0.03909635543823242
27,1.2642309381121635,37.511782954429435,0.04040956497192383
28,0.8277412859843452,5.374021117631118,0.04203343391418457
29,0.3517877658610793,1.5234761968996764,0.04342842102050781
30,0.3517877658610793,1.5234761968996764,0.04473733901977539
