Iterations,Function,Gradient,Time
0,2.2632922941547635,6.281311361807894,0.0
1,0.5143535283945195,0.8609687767236257,0.00029468536376953125
2,0.39788735864389757,0.00013238394893452487,0.0019457340240478516
3,0.39788735772973816,6.207279600441149e-11,0.0035829544067382812
