Iterations,Function,Gradient,Time
0,6.711615783207608,9.898521815049188,0.0
1,5.751934363297728,9.282581446184473,0.0017664432525634766
2,4.035408012903042,7.838389145508548,0.0054013729095458984
3,2.6327386259930776,6.154500703891733,0.009319305419921875
4,1.5855958182198149,4.299224012457056,0.012583017349243164
5,0.9191692332954111,2.3865240757199278,0.01627635955810547
6,0.6231663924089428,0.9009678377355406,0.01968097686767578
7,0.4873016824053152,0.6204323096415647,0.02368021011352539
8,0.4873016824053152,0.6204323096415647,0.027104854583740234
