Iterations,Function,Gradient,Time
0,0.9733798004676363,1.4027382294348665,0.0
1,0.8416107034612393,1.2326807210884665,0.00018215179443359375
2,0.6291623367755773,0.8914977085093985,0.001422882080078125
3,0.48514015046757586,0.5485067259008195,0.0025768280029296875
4,0.4099037872064103,0.2044223810507406,0.003675222396850586
5,0.3978874288605312,0.0010510523905345901,0.004764556884765625
6,0.3978874288605312,0.0010510523905345901,0.006125450134277344
