Iterations,Function,Gradient,Time
0,10.523910506573426,9.965267420072264,0.0
1,9.54168823778673,9.669178424388361,0.0014367103576660156
2,7.68341384075644,8.873981464748244,0.00666046142578125
3,4.57737528564865,6.535420238935816,0.012766838073730469
4,1.8793549384181643,2.436330567634877,0.016130685806274414
5,0.7144102107458178,1.9002205762242406,0.019217491149902344
6,0.39821466279446543,0.062100764340032734,0.023218870162963867
7,0.39788735782318885,2.209441129574462e-05,0.026892900466918945
8,0.39788735772973816,9.474580664721376e-12,0.029942035675048828
