Iterations,Function,Gradient,Time
0,2.86828868540525,3.8729648060634334,0.0
1,2.5122516949760776,3.27552965725321,0.002379179000854492
2,1.9604168481981843,2.399970689957061,0.006520748138427734
3,1.2037809002920337,1.739990989089124,0.010036230087280273
4,0.5279185540868894,1.3868127125179364,0.013428688049316406
5,0.3978992447412272,0.016041831492747925,0.017307281494140625
6,0.3978873577298504,1.2627848622987756e-06,0.021730422973632812
7,0.39788735772973816,1.1230986245260343e-14,0.026513099670410156
