Iterations,Function,Gradient,Time
0,0.9081904531638819,3.0648065584044173,0.0
1,0.39885866957569915,0.10121202861962099,0.00022673606872558594
2,0.39788735855605945,7.110963117343321e-05,0.0021047592163085938
3,0.39788735772973816,8.28749378182908e-11,0.0034797191619873047
