Iterations,Function,Gradient,Time
0,11.98353640512569,11.188286991351063,0.0
1,6.842144812463349,9.128864370519105,0.0002818107604980469
2,1.5623624984523645,2.003859486631102,0.0023145675659179688
3,0.5020129303712417,1.336307523474698,0.0042531490325927734
4,0.39789876025588106,0.015829725349205202,0.0063326358795166016
5,0.3978873577298461,1.3216225941269738e-06,0.007901906967163086
6,0.39788735772973816,9.704308883635056e-15,0.00953221321105957
