Iterations,Function,Gradient,Time
0,2.8476950261404648,6.862780677190535,0.0
1,2.2163758797066366,5.763267135751552,0.00032019615173339844
2,1.2846260097100641,3.573154893210934,0.002650737762451172
3,0.7797677578707818,1.5979554357595842,0.005006313323974609
4,0.603172758352166,0.958785436667017,0.006941556930541992
5,0.4955925471054562,0.8370632508351561,0.008353948593139648
6,0.4314376447527094,0.4137498730514178,0.009753942489624023
7,0.39788809075208753,0.0028929400626524424,0.011137962341308594
8,0.39788809075208753,0.0028929400626524424,0.012610435485839844
