Iterations,Function,Gradient,Time
0,3.267114744478647,7.27799823557657,0.0
1,2.579053365183856,6.471570555423418,0.002231121063232422
2,1.4613440700856577,4.6658701915136644,0.006180763244628906
3,0.4097117329020216,0.49919270486496237,0.010021209716796875
4,0.3978874909708477,0.001465108766272568,0.013345718383789062
5,0.39788735772973816,1.5758954266612667e-08,0.016669034957885742
