Iterations,Function,Gradient,Time
0,3.790881161540365,6.240884877606232,0.0
1,3.2173522649803457,5.245099522845072,0.0021343231201171875
2,2.356534368437988,3.480628835234428,0.007140398025512695
3,1.5038556795523634,2.097369881069313,0.011907577514648438
4,0.6679096761170666,1.8678321986809832,0.01532602310180664
5,0.39790691168744496,0.020455675785575785,0.01932978630065918
6,0.3978873577300334,1.9592641721281553e-06,0.022838830947875977
7,0.39788735772973816,2.551604982010724e-14,0.02574634552001953
