Iterations,Function,Gradient,Time
0,5.304911424470909,6.646928654265504,0.0
1,2.836813669374,3.397375233879144,0.0002837181091308594
2,1.289083270058043,2.908133681992265,0.003782987594604492
3,0.3979498276048328,0.03565198156408965,0.0061779022216796875
4,0.3978873577325905,5.052336883540557e-06,0.007894515991210938
5,0.39788735772973816,1.1206349094321715e-13,0.00949716567993164
