Iterations,Function,Gradient,Time
0,1.6715964665240655,2.0886129292804325,0.0
1,1.4716459053430029,1.9127532333573007,0.00026416778564453125
2,1.1233378966906058,1.573248466872615,0.0026907920837402344
3,0.8425896755062409,1.2340302604387072,0.004587650299072266
4,0.6298704495083722,0.8928549073547424,0.006382942199707031
5,0.48557578079440344,0.5498682694051242,0.007909059524536133
6,0.4100646288737526,0.20572235374639208,0.009399652481079102
7,0.39788743031471846,0.0010623558358157964,0.014291763305664062
8,0.39788743031471846,0.0010623558358157964,0.016028642654418945
