Iterations,Function,Gradient,Time
0,11.964956445470252,11.08336987808294,0.0
1,10.86945432372543,10.817008766976107,0.002690553665161133
2,8.775206217595306,10.084881084927149,0.007817268371582031
3,5.162867656567032,7.825725583045955,0.012260198593139648
4,1.5283252748294758,1.9841124734163431,0.01588296890258789
5,0.5416291392335152,1.6449787514339442,0.019528865814208984
6,0.3979178424569723,0.02596002159629251,0.022773265838623047
7,0.3978873577305311,3.691954781783531e-06,0.026154518127441406
8,0.39788735772973816,9.857202646743706e-14,0.02950453758239746
