Iterations,Function,Gradient,Time
0,0.6164218607650271,0.9790329471509623,0.0
1,0.39789261329598713,0.00966748708355495,0.00024509429931640625
2,0.3978873577297596,2.988665383081624e-07,0.002654552459716797
