Iterations,Function,Gradient,Time
0,1.842502118455974,2.6125194595237313,0.0
1,1.6041532213921748,2.1922500175077113,0.0022852420806884766
2,1.2305956781186198,1.6847259371491201,0.005820035934448242
3,0.6926636199000205,1.0076346323110694,0.009252071380615234
4,0.39793152909960056,0.02673512421146437,0.013698816299438477
5,0.3978873577312307,2.2916726586794493e-06,0.01752328872680664
6,0.39788735772973816,1.0618175247973231e-13,0.021051645278930664
