Iterations,Function,Gradient,Time
0,2.4683830842561956,6.293194948783416,0.0
1,0.6028175541469434,1.2389419638982309,0.00024700164794921875
2,0.39797760700969953,0.033617183909140584,0.0026586055755615234
3,0.39788735773681555,5.81098203994812e-06,0.00511479377746582
4,0.39788735772973816,7.127141094988435e-13,0.00655055046081543
