Iterations,Function,Gradient,Time
0,3.4722455604238065,5.664597874987014,0.0
1,2.9436486653115868,4.909325056314389,0.002964019775390625
2,2.116579208898294,3.4093097846596794,0.006552934646606445
3,1.302805331804235,1.8367476509332437,0.009458541870117188
4,0.565397523308135,1.5610719117317196,0.012647390365600586
5,0.3979513753155207,0.024254810792517862,0.015656232833862305
6,0.39788735773361283,5.473285270367182e-06,0.02219986915588379
7,0.39788735772973816,3.6565542408216305e-13,0.02926015853881836
