Iterations,Function,Gradient,Time
0,0.7139376438567774,1.1567424377174549,0.0
1,0.45463745985887605,0.7693917461447598,0.0002846717834472656
2,0.3978879409567444,0.0034755533660518942,0.0028862953186035156
3,0.3978873577297384,5.146130625227927e-08,0.005400657653808594
