Iterations,Function,Gradient,Time
0,3.176877791995537,6.684063051886484,0.0
1,2.5471306708635106,5.900140815692471,0.00025963783264160156
2,1.5388394519765105,4.153018966501557,0.0025107860565185547
3,0.896727944802837,2.282888612526938,0.004443168640136719
4,0.6194477965283255,0.8825939990006303,0.005848884582519531
5,0.4795981389114148,0.5462249179782178,0.007220745086669922
6,0.4157245672778208,0.4416431939202065,0.00868535041809082
7,0.39788757605117925,0.0009820935083081981,0.010211706161499023
8,0.39788757605117925,0.0009820935083081981,0.011673450469970703
