Iterations,Function,Gradient,Time
0,1.7832054233405261,5.233960075005053,0.0
1,0.4249324033322919,0.3082069589037979,0.0002884864807128906
2,0.39788761146657176,0.0020373876766004648,0.003832101821899414
3,0.3978873577297382,1.3212489380651079e-08,0.006636857986450195
