Iterations,Function,Gradient,Time
0,8.344704444295488,10.781106787196014,0.0
1,7.294393057469598,10.214694775929626,0.0024275779724121094
2,5.380388687099794,8.886112856669573,0.008005380630493164
3,2.469226930316291,5.560548187818471,0.01183319091796875
4,0.7514796750942295,1.3758560665297035,0.015363454818725586
5,0.3978904243211383,0.0075429204202867575,0.01872086524963379
6,0.39788735772974493,1.911417032085024e-07,0.022797346115112305
