Iterations,Function,Gradient,Time
0,9.436117088421373,10.859908352150875,0.0
1,8.372711497458244,10.397765157419618,0.0016894340515136719
2,6.401709459896459,9.271752133514527,0.005486011505126953
3,3.2633809067919124,6.296387513586332,0.009118080139160156
4,1.1237016072665051,2.062066422486755,0.01239776611328125
5,0.5182476223568828,0.8670845008819605,0.015253543853759766
6,0.3979104071630513,0.017097319099271563,0.018120288848876953
7,0.3978873577302021,1.4799548868399313e-06,0.021776437759399414
8,0.39788735772973816,4.815818571501887e-14,0.02640056610107422
