Iterations,Function,Gradient,Time
0,5.778271798466748,10.157423151246954,0.0
1,1.827313357224414,5.460308703031937,0.00027871131896972656
2,0.4107333832556471,0.399720952049674,0.0030069351196289062
3,0.3978874716408448,0.0006491792276800839,0.005139589309692383
4,0.39788735772973816,1.0531782143775253e-08,0.01020050048828125
