Iterations,Function,Gradient,Time
0,12.672478559818838,12.32531826422713,0.0
1,7.020793331614656,10.028774443606482,0.0002779960632324219
2,1.0689033786178048,1.751318080639045,0.002918720245361328
3,0.39883189562599974,0.11805188693524844,0.005488872528076172
4,0.39788735841383255,4.888816645204586e-05,0.008160591125488281
5,0.39788735772973816,5.811125741231897e-11,0.009999990463256836
