Iterations,Function,Gradient,Time
0,9.130894452383913,11.032405614630317,0.0
1,8.049129883042532,10.589029279593673,0.002604246139526367
2,6.038896052495762,9.461565082996561,0.0063245296478271484
3,2.8385398981434733,6.380768904416485,0.00949239730834961
4,0.6759425977539657,1.3729703932337942,0.013203620910644531
5,0.3980614468725479,0.04781210972682243,0.01717066764831543
6,0.3978873577552909,1.0493724456015395e-05,0.020978450775146484
7,0.39788735772973816,2.5328555053468943e-12,0.02444148063659668
