Iterations,Function,Gradient,Time
0,0.5087200716523911,0.9029635958744968,0.0
1,0.45668880576555493,0.4787021334631241,0.0065233707427978516
2,0.40916366622999845,0.38386958630158285,0.010794401168823242
3,0.39788740207522777,0.0009739330468526533,0.01399993896484375
4,0.39788735772973816,4.482503925220981e-09,0.018036365509033203
