Iterations,Function,Gradient,Time
0,9.067355719999009,12.665342485720435,0.0
1,3.739171528030775,8.419076165873193,0.0002989768981933594
2,0.49314715748523724,1.1386043285535021,0.002747774124145508
3,0.39789259132791216,0.0060930513475988875,0.004487276077270508
4,0.39788735772973816,5.765255725916148e-08,0.005921840667724609
