Iterations,Function,Gradient,Time
0,3.848835411337406,6.476738121028306,0.0
1,3.25265987727036,5.459964047232173,0.002346038818359375
2,2.3545847471410672,3.6245416159719297,0.005548954010009766
3,1.4869515496790635,2.0649283779934096,0.009365320205688477
4,0.6574391096391303,1.8770738731512098,0.015151262283325195
5,0.3979076695136783,0.020932122306153156,0.0185697078704834
6,0.39788735773006184,2.113834407667505e-06,0.021707773208618164
7,0.39788735772973816,2.8202394037345e-14,0.025127410888671875
