Iterations,Function,Gradient,Time
0,3.403015459535282,6.0626475750838065,0.0
1,1.4041074677178085,2.1603973641822387,0.0002913475036621094
2,0.5082658616828399,0.9826307802030944,0.003072977066040039
3,0.39788806963812895,0.003786355962188796,0.006254673004150391
4,0.39788735772973854,5.6598650245782396e-08,0.008608818054199219
