Iterations,Function,Gradient,Time
0,0.6052822927827722,1.6178647019533252,0.0
1,0.39800052569985794,0.034513424833182885,0.00022268295288085938
2,0.3978873577415075,8.693043669641775e-06,0.0024445056915283203
3,0.39788735772973816,1.1719809382238365e-12,0.005480527877807617
