Iterations,Function,Gradient,Time
0,27.1874947860516,20.261706805184378,0.0
1,25.18267909116056,19.82624123705483,0.0024690628051757812
2,21.317089743506884,18.793329883501666,0.005797624588012695
3,14.319439603369501,16.042155322363367,0.008882284164428711
4,4.467767272104657,8.18886292211711,0.014490604400634766
5,1.120578587164633,1.6451715830057068,0.0183255672454834
6,0.39803588550922503,0.04417109823370257,0.022431612014770508
7,0.39788735774837886,8.971931803204004e-06,0.02614307403564453
8,0.39788735772973816,1.8476869085078777e-12,0.029451608657836914
