Iterations,Function,Gradient,Time
0,1.7673633286632762,3.7764536288855535,0.0
1,1.4329392550433986,2.929806411147503,0.0002624988555908203
2,1.0055605635686482,1.5682246375857514,0.002520322799682617
3,0.7594456910111,1.137841007139594,0.004703044891357422
4,0.5753701969181739,0.8105440463059276,0.0068891048431396484
5,0.4630177965515445,0.6000840531232416,0.00883626937866211
6,0.41545266625798644,0.339322747521113,0.010207414627075195
7,0.3978873578020711,3.732999704179781e-05,0.011582136154174805
8,0.3978873578020711,3.732999704179781e-05,0.012945413589477539
