Iterations,Function,Gradient,Time
0,5.436711922787821,6.678918667631795,0.0
1,4.798832920396521,6.074218880860065,0.0025327205657958984
2,3.7142917607464465,4.7800239015788435,0.006420135498046875
3,2.332633828244058,2.6540728248110317,0.009660720825195312
4,0.8853694913657166,1.7168520646313268,0.012921810150146484
5,0.3978878589350535,0.0030873084764632213,0.01693248748779297
6,0.3978873577297383,3.330292026347311e-08,0.022630691528320312
