Iterations,Function,Gradient,Time
0,15.172240099547011,12.421654298940808,0.0
1,9.206693227755089,11.101990602906735,0.0003027915954589844
2,1.5694355752091116,3.410208709818786,0.002841472625732422
3,0.39816196744880533,0.07526023476638391,0.0059087276458740234
4,0.39788735778482204,2.2818052073162223e-05,0.008669614791870117
5,0.39788735772973816,2.5128824416630917e-12,0.01136469841003418
