Iterations,Function,Gradient,Time
0,2.0568160873903705,5.901110607397213,0.0
1,1.5218860728877597,4.795767460790558,0.0002415180206298828
2,0.7857502561032874,2.5752003464774593,0.002402782440185547
3,0.48645649473033725,0.6198862679652754,0.004386425018310547
4,0.4274484224003749,0.5353351892386355,0.005757808685302734
5,0.3978879272791285,0.0017002394963157184,0.0071010589599609375
6,0.3978879272791285,0.0017002394963157184,0.008520126342773438
