Iterations,Function,Gradient,Time
0,1.6769432617269375,5.283686421633294,0.0
1,0.4036817010307059,0.218266095163268,0.0003371238708496094
2,0.39788735910967415,0.00016603474670642848,0.003096342086791992
3,0.39788735772973816,1.0692978639343843e-10,0.0061626434326171875
