Iterations,Function,Gradient,Time
0,4.092343051521834,8.012784380894349,0.0
1,3.3300690856443733,7.2222192545086985,0.005499362945556641
2,2.0575856674542883,5.468831800507392,0.00925588607788086
3,0.6516506204246615,1.5663601162645797,0.012625694274902344
4,0.3978961995311153,0.013464663863468205,0.016492366790771484
5,0.3978873577297953,7.46202934983916e-07,0.01963329315185547
