Iterations,Function,Gradient,Time
0,4.46300050419952,5.840245746572026,0.0
1,3.9230940662980895,4.982583360500346,0.002190113067626953
2,3.081625486570872,3.5811195080122133,0.008435249328613281
3,2.032037741631191,2.452016897141594,0.012939691543579102
4,0.7853382677094307,1.7766346668725168,0.016472339630126953
5,0.3978921470079707,0.009763574515663287,0.020041465759277344
6,0.39788735772975464,3.642423841977901e-07,0.023681163787841797
