Iterations,Function,Gradient,Time
0,12.53151967928044,9.483838133487698,0.0
1,16.789513561408945,7.196890014702683,0.0003287792205810547
2,19.833398972593344,2.18250801741835,0.0033860206604003906
3,19.602051700980976,0.03881403765501112,0.006990194320678711
4,19.602112642270917,9.350884714002467e-06,0.009597301483154297
5,19.602112642270264,9.245251146719864e-13,0.01225423812866211
