Iterations,Function,Gradient,Time
0,1.7326020648849032,3.7257182210026287,0.0
1,1.4076564782009016,2.8046072345644757,0.00025653839111328125
2,1.0088791105559622,1.5099690540306254,0.001993894577026367
3,0.7559097154772154,1.1333537000448222,0.0033533573150634766
4,0.5700638564107157,0.794922393279775,0.004828214645385742
5,0.4572676799069672,0.5570568961594963,0.00631403923034668
6,0.4120529075395518,0.3162221315137362,0.007815122604370117
7,0.39788735882630527,0.00014621304799184457,0.009288311004638672
8,0.39788735882630527,0.00014621304799184457,0.010741233825683594
