Iterations,Function,Gradient,Time
0,9.36395939377662,13.249216000416846,0.0
1,8.083151056961464,12.358293964520486,0.0015456676483154297
2,5.801160970250912,10.43173811457225,0.0045719146728515625
3,2.4698665839713128,6.162898775150224,0.007615566253662109
4,0.5645158185234801,0.7745504722496975,0.012126922607421875
5,0.3978981476411908,0.012526177329354082,0.016559839248657227
6,0.39788735772983286,5.931690602666995e-07,0.020305633544921875
