Iterations,Function,Gradient,Time
0,3.2670248253133245,4.529582930225275,0.0
1,1.9639791945644924,2.506584668367443,0.00027680397033691406
2,0.7277560000607373,2.0496478564033507,0.002566099166870117
3,0.39791474429348317,0.02418269836632923,0.004678487777709961
4,0.39788735773031597,2.7119863568492895e-06,0.007233381271362305
5,0.39788735772973816,5.0976627268393435e-14,0.009874582290649414
