Iterations,Function,Gradient,Time
0,5.209834110058422,9.831524848684166,0.0
1,4.271313827185795,8.93026149626219,0.0003120899200439453
2,2.677013966650195,6.983566861716876,0.0028760433197021484
3,1.4880737130726422,4.8853157067350494,0.004894256591796875
4,0.7292815885898455,2.692673235714644,0.006402254104614258
5,0.41296294459243243,0.48343211172195255,0.007954120635986328
6,0.39788759614356956,0.0010438184419052,0.009449243545532227
7,0.39788759614356956,0.0010438184419052,0.01096653938293457
