Iterations,Function,Gradient,Time
0,13.74491273582053,9.169843363559215,0.0
1,17.710085933567143,6.378248592518451,0.00033020973205566406
2,19.80893135250217,1.9933239790147264,0.002062559127807617
3,19.602062854512063,0.03437906631632614,0.003433704376220703
4,19.602112642270992,6.930658612003698e-06,0.006200313568115234
5,19.602112642270264,5.331778699474934e-13,0.00859522819519043
