Iterations,Function,Gradient,Time
0,3.894930547801715,5.130455089412883,0.0
1,3.418026196182352,4.424061272436114,0.002440929412841797
2,2.6650477764510825,3.2168229464179725,0.007112026214599609
3,1.7306748371772267,2.182078059808121,0.011430978775024414
4,0.7127159770441281,1.8347392531850686,0.015535354614257812
5,0.39791042841589847,0.021905509763631804,0.019195556640625
6,0.39788735773013445,2.0468637410097095e-06,0.023613691329956055
7,0.39788735772973816,2.3948172538090422e-14,0.028154850006103516
