Iterations,Function,Gradient,Time
0,1.2290731054955653,3.149004394155984,0.0
1,0.6141184853186288,1.0065075807080868,0.0003056526184082031
2,0.3978900582561057,0.006997207781759196,0.003887653350830078
3,0.3978873577297434,1.5941251630457194e-07,0.007573366165161133
