Iterations,Function,Gradient,Time
0,0.7283303799153218,1.1585243535569627,0.0
1,0.6291245759346553,0.8982927321716133,0.0023796558380126953
2,0.48447567228384636,0.5492792867833882,0.007872343063354492
3,0.3978900284779782,0.006430948186208984,0.011615514755249023
4,0.3978873577297446,1.4013024744550348e-07,0.014671564102172852
