Iterations,Function,Gradient,Time
0,13.166861120263668,9.35009523504865,0.0
1,14.085625015860668,9.01002830155375,0.003202676773071289
2,15.798645059812747,8.064885588967261,0.0072858333587646484
3,18.50193310878183,5.297890967425823,0.010844707489013672
4,19.91984966592591,1.5432374752525393,0.014358043670654297
5,19.602079130913133,0.02582645325208827,0.017992496490478516
6,19.602112642271006,2.4724637077341758e-06,0.02122020721435547
7,19.602112642270264,7.482734795860197e-14,0.024049997329711914
