Iterations,Function,Gradient,Time
0,1.4046877249970762,3.1416745707612432,0.0
1,1.1326011612499796,2.3240828994231086,0.0002541542053222656
2,0.8167374675524285,1.2138880992573178,0.00270843505859375
3,0.6103784602963378,0.864613568332217,0.005135536193847656
4,0.4743406570861286,0.5312406709684337,0.00658106803894043
5,0.41562500931565877,0.4753883283791327,0.007947683334350586
6,0.3978874581041262,0.0014626749991738205,0.00939035415649414
7,0.3978874581041262,0.0014626749991738205,0.010735750198364258
