Iterations,Function,Gradient,Time
0,2.776310100548541,5.63900546836262,0.0
1,1.2572095150210352,1.7431544761631599,0.0004317760467529297
2,0.3980735608836411,0.05228825456993397,0.0027751922607421875
3,0.39788735775732975,9.941135568913898e-06,0.004857063293457031
4,0.39788735772973816,2.4649287933599932e-12,0.006256103515625
