Iterations,Function,Gradient,Time
0,0.6090939400675748,1.7986719539886495,0.0
1,0.4798426156670704,0.8209503678890469,0.00024771690368652344
2,0.4205586101556926,0.3292746084048856,0.0023839473724365234
3,0.397887385667422,0.0007127996209479983,0.004526853561401367
4,0.397887385667422,0.0007127996209479983,0.006680965423583984
