Iterations,Function,Gradient,Time
0,5.180218059066646,6.344175847673794,0.0
1,4.575698744108871,5.745278719620784,0.003683805465698242
2,3.5533887352715103,4.499451873963077,0.010575056076049805
3,2.2520839784845803,2.537166243882342,0.015725135803222656
4,0.8646767708519223,1.658322287409175,0.020244359970092773
5,0.39788860198329895,0.00484874877550126,0.023776531219482422
6,0.39788735772973927,8.127549499106436e-08,0.027089595794677734
