Iterations,Function,Gradient,Time
0,5.745589394484697,9.301180176196516,0.0
1,1.9565361757054327,5.554497477816569,0.0002474784851074219
2,0.4223510908944066,0.7319080768960733,0.003429412841796875
3,0.39788774035153973,0.001868246459228567,0.006821393966674805
4,0.39788735772973816,1.5750071983406984e-08,0.008455991744995117
