Iterations,Function,Gradient,Time
0,5.8513368271933714,10.601554335570594,0.0
1,1.7992084077231123,5.458846593718112,0.0002658367156982422
2,0.3986830457411694,0.057147924780477734,0.00235748291015625
3,0.3978873581577637,7.650239672619005e-05,0.003955841064453125
4,0.39788735772973816,2.5416078352873406e-11,0.005517005920410156
