Iterations,Function,Gradient,Time
0,7.1485081601629865,9.907509678630998,0.0
1,6.179106509683412,9.465291699112438,0.0023229122161865234
2,4.395387979841675,8.314690457210695,0.0069580078125
3,1.6780091600845293,5.087672785714023,0.01065826416015625
4,0.41435495123140625,0.6021557125842341,0.01778697967529297
5,0.39788753565033663,0.0014211202530706483,0.021222591400146484
6,0.39788735772973816,1.2405278763025239e-08,0.024316072463989258
