Iterations,Function,Gradient,Time
0,5.475251166150772,9.139183561225913,0.0
1,4.594859113402172,8.456511486112214,0.003442049026489258
2,3.0562829581980795,6.887104262404002,0.006872653961181641
3,1.0322937029510495,3.1416515790343142,0.009821891784667969
4,0.39840098733076945,0.10546393462318673,0.013600826263427734
5,0.3978873579315023,5.210801237448911e-05,0.018142223358154297
6,0.39788735772973816,1.8813382198134073e-11,0.022316932678222656
