Iterations,Function,Gradient,Time
0,10.402637825138639,10.245179768947509,0.0
1,5.523282087042377,8.871110934975038,0.00026226043701171875
2,0.5087125860717274,0.6285328797863066,0.002742767333984375
3,0.3978922737847135,0.008528341803992198,0.00495457649230957
4,0.3978873577297568,2.6639533581696605e-07,0.0071201324462890625
