Iterations,Function,Gradient,Time
0,1.7156135391839986,5.392095010914751,0.0
1,1.231305370519862,4.291004978107271,0.00026035308837890625
2,0.5964779038360308,2.0546187904058084,0.0025892257690429688
3,0.40319516172383363,0.13569390143599816,0.0049440860748291016
4,0.3978873688623226,0.00041816385532682357,0.006767749786376953
5,0.3978873688623226,0.00041816385532682357,0.008201837539672852
