Iterations,Function,Gradient,Time
0,7.230901149664584,10.052187678510775,0.0
1,6.2482780984789565,9.585433052312885,0.002593517303466797
2,4.444816690904297,8.39369741488368,0.007143735885620117
3,1.7068603310726482,5.119605819573072,0.01046442985534668
4,0.41212706958488493,0.5589930372487995,0.013795614242553711
5,0.3978874923574532,0.0012236643116550077,0.01661086082458496
6,0.39788735772973816,9.016672385259716e-09,0.020562171936035156
