Iterations,Function,Gradient,Time
0,7.985173382190704,10.960665196085055,0.0
1,3.385654849915943,7.207290109447782,0.0003650188446044922
2,0.6687942241613453,1.5765939325407983,0.0029413700103759766
3,0.3978948450071903,0.012343310848172865,0.006587028503417969
4,0.39788735772977984,6.146757064688659e-07,0.010303258895874023
