Iterations,Function,Gradient,Time
0,3.706711020137075,8.263313681489981,0.0
1,0.8426510938356048,3.070615939212678,0.0002524852752685547
2,0.3982697923760602,0.05408692802689301,0.0026264190673828125
3,0.3978873578649092,3.524258127511161e-05,0.005185127258300781
4,0.39788735772973816,1.1730798955789575e-11,0.006887197494506836
