Iterations,Function,Gradient,Time
0,2.3848378392583736,5.934979680997922,0.0
1,1.8343764421892546,5.064642277226807,0.002526998519897461
2,1.008603624158613,3.1687593505216096,0.006564140319824219
3,0.4787324999712442,0.5995247517844728,0.00978994369506836
4,0.3978878986567382,0.003111571283632162,0.012953042984008789
5,0.3978873577297384,3.104756662479971e-08,0.01673150062561035
