Iterations,Function,Gradient,Time
0,13.257586683232596,14.803978040616828,0.0
1,6.683424098945138,11.242273342352924,0.0002663135528564453
2,0.45068368867450836,0.8213744250870051,0.002796173095703125
3,0.397888207778831,0.004258343951512745,0.005177497863769531
4,0.39788735772973866,8.473157423422e-08,0.007550477981567383
