Iterations,Function,Gradient,Time
0,3.389040752455431,7.420580705888504,0.0
1,2.6865098037268296,6.618432696801118,0.0027930736541748047
2,1.5384887620893983,4.822276759219962,0.006505012512207031
3,0.42020571456108863,0.6772664215455747,0.009810686111450195
4,0.3978879778529633,0.0037014737787052277,0.014737129211425781
5,0.3978873577297383,8.418822585646066e-08,0.020643234252929688
