Iterations,Function,Gradient,Time
0,17.62195460871733,12.933317037778957,0.0
1,16.33027321445998,12.887762044886841,0.0015668869018554688
2,13.780281554909301,12.559827135675391,0.0049135684967041016
3,9.035342807961111,10.960323146806937,0.008260250091552734
4,2.5534670045189345,4.804308111671341,0.011249065399169922
5,0.8493211643348039,1.454014564134025,0.014543533325195312
6,0.39825703738792784,0.07310159743000151,0.017969608306884766
7,0.39788735783810875,1.979268657156158e-05,0.021424531936645508
8,0.39788735772973816,9.793234423279688e-12,0.02796649932861328
