Iterations,Function,Gradient,Time
0,13.658510212831771,15.571510592549345,0.0
1,7.090184556213984,10.558631614752642,0.0004639625549316406
2,2.0169485965193807,2.538988161960631,0.003933906555175781
3,0.7559044961275421,2.16363816891995,0.0063593387603759766
4,0.3979212310030746,0.02695583144506702,0.00811004638671875
5,0.39788735773062844,3.420382266932812e-06,0.009758234024047852
6,0.39788735772973816,7.800539802794977e-14,0.011832952499389648
