Iterations,Function,Gradient,Time
0,5.63263543930149,7.079165648107312,0.0
1,2.926959843677385,3.7690717852813616,0.0002665519714355469
2,1.3455052603464568,2.7234806029592864,0.0018918514251708984
3,0.3979055705355545,0.01897420181692075,0.003309011459350586
4,0.3978873577299792,1.3453961959221448e-06,0.004770755767822266
5,0.39788735772973816,4.426838077976606e-15,0.006127595901489258
