Iterations,Function,Gradient,Time
0,2.4277589987111323,6.2730680888710335,0.0
1,1.8448179865787484,5.375995156107163,0.001604318618774414
2,0.9615921623779077,3.425141136747917,0.004872798919677734
3,0.3992228245086291,0.17191972978867856,0.008543729782104492
4,0.39788735914668877,0.00015239621960831144,0.01422882080078125
5,0.39788735772973816,1.709052889294483e-10,0.017813682556152344
