Iterations,Function,Gradient,Time
0,1.8899297712553687,4.345120222791871,0.0
1,0.8678897989003234,1.418196123649731,0.00025582313537597656
2,0.5396626057233995,1.1912362359280417,0.0024466514587402344
3,0.3978905125284557,0.008061153324417617,0.004684925079345703
4,0.39788735772974515,2.717735827130035e-07,0.006897687911987305
