Iterations,Function,Gradient,Time
0,2.269653548174588,6.375503410810768,0.0
1,1.686454017917883,5.28485822341027,0.002615213394165039
2,0.8516910210969078,3.058186544410845,0.008899450302124023
3,0.39794416925479137,0.02994751804345831,0.012466669082641602
4,0.39788735773169015,6.540832296663233e-06,0.01629924774169922
5,0.39788735772973816,2.214928532410867e-13,0.019918203353881836
