Iterations,Function,Gradient,Time
0,9.542652743104554,9.294182390408933,0.0
1,5.226561604711547,7.591083009950361,0.0002493858337402344
2,1.5636197224445618,2.6182684542825707,0.0036134719848632812
3,0.6008954822990134,1.0963151554303658,0.0068950653076171875
4,0.39790501418776564,0.011725382236311956,0.009185075759887695
5,0.3978873577300357,1.652880179177507e-06,0.010816335678100586
6,0.39788735772973816,2.683328885411044e-14,0.012597799301147461
