Iterations,Function,Gradient,Time
0,12.210118073772865,10.780439575645948,0.0
1,11.142826844999226,10.555954891285314,0.0021610260009765625
2,9.09231705248138,9.909132319529983,0.006595611572265625
3,5.516661399432553,7.818624775684659,0.010469675064086914
4,1.7709201277207156,2.205329376283261,0.014888286590576172
5,0.6661588711498126,2.113462294725719,0.02196979522705078
6,0.3979740119994003,0.04351800289687866,0.026944398880004883
7,0.39788735773577727,9.561988878698513e-06,0.030901670455932617
8,0.39788735772973816,6.605727987552457e-13,0.03479146957397461
