Iterations,Function,Gradient,Time
0,133695.38136262793,37766.44109099824,0.0
1,133597.36631706174,37799.83551938139,0.02392268180847168
2,133597.36631706174,37799.83551938139,0.09707021713256836
