Iterations,Function,Gradient,Time
0,95327.39556779384,31756.606123052283,0.0
1,94356.23219268654,31541.70777998847,0.02573370933532715
2,94314.56134366056,31552.375327207938,0.04705667495727539
3,94314.56134366056,31552.375327207938,0.10930347442626953
