Iterations,Function,Gradient,Time
0,103741.49826095533,31043.101858622398,0.0
1,102418.18658138075,30901.181416060328,0.034250497817993164
2,101274.61046721361,30693.6884597029,0.06273770332336426
3,100277.47617646812,30445.197044294295,0.0947580337524414
4,99579.42141846703,30324.59663529045,0.12907791137695312
5,98756.57150830052,30247.674660363624,0.1598796844482422
6,98756.57150830052,30247.674660363624,0.18604207038879395
