Iterations,Function,Gradient,Time
0,89913.60500677997,30090.599343856753,0.0
1,86286.12762871668,30084.109333101384,0.01800704002380371
2,86286.12762871668,30084.109333101384,0.08298945426940918
