Iterations,Function,Gradient,Time
0,95507.92826818168,30651.24182477767,0.0
1,95386.11149903323,30031.351098272255,0.019085407257080078
2,95386.11149903323,30031.351098272255,0.08824443817138672
