Iterations,Function,Gradient,Time
0,120754.74124012182,35632.33777787698,0.0
1,120593.72243020771,35397.92876139717,0.0307769775390625
2,119992.94289515789,35150.06308820737,0.06460213661193848
3,119992.94289515789,35150.06308820737,0.09434342384338379
