Iterations,Function,Gradient,Time
0,76904.04690152316,26522.49297095735,0.0
1,74856.20773434576,25933.09570809064,0.017162084579467773
2,64998.13720887427,22694.666883749127,0.033826589584350586
3,64998.13720887427,22694.666883749127,0.10409879684448242
