Iterations,Function,Gradient,Time
0,87165.48717572753,28732.221563152656,0.0
1,87165.48717572753,28732.221563152656,0.07018566131591797
