Iterations,Function,Gradient,Time
0,107654.48921940192,33344.649001436715,0.0
1,107654.48921940192,33344.649001436715,0.012476205825805664
