Iterations,Function,Gradient,Time
0,67137.6787031661,25304.698964089326,0.0
1,67137.6787031661,25304.698964089326,0.07328653335571289
