Iterations,Function,Gradient,Time
0,72018.33471664046,26152.236117383505,0.0
1,70576.08032230535,25389.61420527496,0.015038728713989258
2,70568.52103361057,25403.905959343723,0.03875088691711426
3,70403.894067602,25391.16592435516,0.06110358238220215
4,70403.894067602,25391.16592435516,0.0851283073425293
