Iterations,Function,Gradient,Time
0,105603.86993740912,32877.85151315342,0.0
1,105603.86993740912,32877.85151315342,0.0680549144744873
