Iterations,Function,Gradient,Time
0,84234.82815212288,28381.726188201646,0.0
1,84234.82815212288,28381.726188201646,0.017388343811035156
