Iterations,Function,Gradient,Time
0,93794.78533123016,29985.25028554285,0.0
1,86290.60193842836,28249.22150464131,0.019165754318237305
2,80500.66341910412,26816.635127546197,0.036925554275512695
3,80094.5061623155,26503.651827974863,0.05511069297790527
4,80094.5061623155,26503.651827974863,0.1268301010131836
