Iterations,Function,Gradient,Time
0,105661.14385997552,33527.211525174345,0.0
1,105661.14385997552,33527.211525174345,0.0721292495727539
