Iterations,Function,Gradient,Time
0,90146.11171652272,30897.632527349597,0.0
1,86487.00373878436,30442.206979699957,0.014586687088012695
2,86487.00373878436,30442.206979699957,0.08490490913391113
