Iterations,Function,Gradient,Time
0,108021.18946750415,32886.71652282321,0.0
1,108021.18946750415,32886.71652282321,0.06322050094604492
