Iterations,Function,Gradient,Time
0,103921.13131833605,33599.67325069153,0.0
1,85461.22931291952,28512.189138577723,0.01342153549194336
2,84542.92191525266,28817.85684224391,0.03307056427001953
3,84542.92191525266,28817.85684224391,0.10305190086364746
