Iterations,Function,Gradient,Time
0,84800.26113328963,28940.481030148894,0.0
1,84016.54916302532,28981.226545295358,0.018768310546875
2,83908.98332893,29316.051770634498,0.03837323188781738
3,83908.98332893,29316.051770634498,0.11556458473205566
