Iterations,Function,Gradient,Time
0,90193.67102091385,29650.46777013799,0.0
1,88833.55234340172,29023.750696169776,0.015850067138671875
2,88833.55234340172,29023.750696169776,0.08274149894714355
