Iterations,Function,Gradient,Time
0,87399.29934777903,29869.821310134328,0.0
1,37498.09410501251,14768.413590812084,0.016431331634521484
2,37498.09410501251,14768.413590812084,0.03332996368408203
