Iterations,Function,Gradient,Time
0,81853.69780500485,27858.48049498521,0.0
1,81853.69780500485,27858.48049498521,0.0670313835144043
