Iterations,Function,Gradient,Time
0,104249.09049628889,33224.60873473259,0.0
1,103475.90486984774,34044.01466437729,0.03867983818054199
2,103150.89447209837,34283.84404667213,0.06123781204223633
3,103150.89447209837,34283.84404667213,0.1210639476776123
