Iterations,Function,Gradient,Time
0,104882.8262704978,33225.41157777417,0.0
1,104882.8262704978,33225.41157777417,0.06981754302978516
