Iterations,Function,Gradient,Time
0,87959.56447044868,29740.72652447854,0.0
1,73352.99751785604,25736.845293631206,0.013261795043945312
2,73352.99751785604,25736.845293631206,0.0835111141204834
