Iterations,Function,Gradient,Time
0,117578.2196322324,33742.697571006494,0.0
1,117578.2196322324,33742.697571006494,0.06840872764587402
