Iterations,Function,Gradient,Time
0,99849.35787789698,31737.031497403514,0.0
1,99849.35787789698,31737.031497403514,0.07087111473083496
