Iterations,Function,Gradient,Time
0,121653.59915639456,35381.11517187039,0.0
1,87750.60349225912,28648.8983536799,0.012850522994995117
2,83386.02881544683,26972.158035886485,0.031331539154052734
3,83058.44682621998,27582.113902638685,0.050848960876464844
4,83058.44682621998,27582.113902638685,0.11633729934692383
