Iterations,Function,Gradient,Time
0,100171.37794753021,31383.227694990288,0.0
1,81040.52929866641,27500.33670057683,0.015918731689453125
2,81040.52929866641,27500.33670057683,0.09065937995910645
