Iterations,Function,Gradient,Time
0,75728.37175751486,25499.951257613535,0.0
1,68869.55496137784,23722.07484321873,0.017840147018432617
2,68869.55496137784,23722.07484321873,0.08677268028259277
