Iterations,Function,Gradient,Time
0,74122.98758243305,25624.963405486596,0.0
1,74122.98758243305,25624.963405486596,0.05578207969665527
