Iterations,Function,Gradient,Time
0,98870.25649425521,31873.255864156767,0.0
1,98870.25649425521,31873.255864156767,0.06608295440673828
