iteration,fx,dfx
0,78444.46894812115,30961.861440348654
1,1395.3665663543916,528.0997550826543
2,1381.5510557964274,523.2458325770059
3,1381.5510557964274,523.2458325770059
4,1381.5510557964274,510.87259814820396
5,1326.2890135705147,490.94719218934296
6,1326.2890135645703,490.94719216281675
7,1326.2890135645703,490.94719216281675
8,1326.2890135645703,490.94719216281675
9,1312.495645949603,485.5185303408358
10,1312.495645949603,485.51853034083524
