Results,Alhóndiga,Basilica Colegiata,Callejón del Beso,Casa de Diego Rivera,Jardín de la Unión,Mercado Hidalgo,Monumento Pípila,Museo de las Momias,Teatro Juárez,Universidad de Guanajuato
Mean,4.45483870967742,4.5,3.9955882352941177,4.243553008595988,4.591710758377425,3.9483333333333333,4.377777777777778,3.6751515151515153,4.702970297029703,4.6033333333333335
std,0.7457112582889672,0.6687504702153396,0.9712472464286275,0.8040392901549566,0.607370209315491,0.9507033977392795,0.7679497101096961,1.1364945658442804,0.5181455546147316,0.6126130687218926
