Iterations,Function,Gradient,Time
0,1793.6708610871692,3624.2742298771545,0.0
1,1460.0153446876138,3059.315140309867,0.00018668174743652344
2,948.6044268169621,2098.0648780783245,0.0016744136810302734
3,606.7427882776268,1369.9082295086735,0.003177165985107422
4,387.0077111326362,885.7640771644164,0.0046269893646240234
5,241.41375661740204,613.5184052873562,0.0061893463134765625
6,139.86833521508882,403.32111881388795,0.00783228874206543
7,85.08984028267561,139.1256258980251,0.009307861328125
8,77.10711879631785,96.0079364484479,0.01080942153930664
9,70.76226475804731,102.09916431669744,0.012269973754882812
10,64.95296131085962,98.8986775131595,0.013797283172607422
11,59.560522854839654,82.63831740199635,0.015223026275634766
12,54.34557203124837,103.4378689554677,0.016515493392944336
13,49.27119480260033,68.72827958494271,0.01779913902282715
14,44.07919444344168,109.54573583505277,0.019130229949951172
15,38.957323781137376,57.52654442750732,0.020416259765625
16,33.6053982095007,114.57899801475777,0.021697282791137695
17,28.421168009179652,47.6038914055329,0.023068666458129883
18,23.72225091308224,111.10684598437759,0.024461030960083008
19,19.379798700320602,37.24868262894919,0.02586197853088379
20,13.611696591631446,58.16320101267064,0.02751469612121582
21,11.632740194447637,31.240889485481087,0.02927112579345703
22,9.925469284620545,57.397301467881874,0.03167295455932617
23,8.080264658130316,24.759294038659608,0.0332789421081543
24,6.347121289540276,56.273437173616465,0.03482556343078613
25,4.631206256376579,17.84660790312872,0.0363001823425293
26,2.8544407248246855,52.78650313654351,0.037748098373413086
27,1.3582370980136298,9.131124392160357,0.03932332992553711
28,0.2552719011946063,11.898813718159625,0.040956735610961914
29,0.19230340242538757,2.902159743103457,0.04248189926147461
30,0.14636413408791693,3.8996971025346383,0.04394793510437012
31,0.10875243871239326,2.069541557293893,0.04536104202270508
32,0.07569556034175462,2.0736348968702436,0.0468449592590332
33,0.0542303764576928,1.4331903433143438,0.04822182655334473
34,0.031440332367783874,0.971460396084717,0.049574851989746094
35,0.01571123454445128,0.9665742720214793,0.05087018013000488
36,0.0013777950721408144,1.4886943863327133,0.0520322322845459
37,9.375376767872188e-06,0.028495186833798196,0.05316734313964844
38,1.3634027834493535e-09,0.001504725516012465,0.054338693618774414
39,1.3634027834493535e-09,0.001504725516012465,0.05550384521484375
