Iterations,Function,Gradient,Time
0,3355.2491762362615,5953.1940260534375,0.0
1,2797.6897190194923,5208.350699596909,0.00024580955505371094
2,1891.4661508744405,3893.9086580555577,0.002303600311279297
3,1225.5522617989275,2804.0659482029696,0.0043392181396484375
4,756.2614793181766,1927.6857915126195,0.0063381195068359375
5,441.8982685679707,1256.2599345657284,0.008345603942871094
6,242.59561627325866,776.9559980288758,0.010342597961425781
7,123.49107552005079,440.29303134648313,0.01233220100402832
8,66.22156112326664,138.18587405594815,0.013627052307128906
9,59.3487854636659,79.96046228457904,0.014917135238647461
10,54.223989903765116,97.83668739654391,0.016237735748291016
11,49.848921621747564,80.12047468311019,0.017533302307128906
12,45.74636752521245,78.8384443848781,0.018823623657226562
13,42.173393226415826,81.23737890575485,0.020142793655395508
14,38.565750574175155,65.80160992343072,0.02174067497253418
15,35.32294785115683,83.34053606272649,0.02310013771057129
16,31.95856179369035,55.456315783993425,0.024466753005981445
17,28.69672979154619,86.70461487322554,0.025768041610717773
18,25.397470950972117,46.27869592030973,0.027066946029663086
19,21.702398992827263,92.06816523126811,0.028408288955688477
20,18.271714873104013,37.03029671554988,0.02969980239868164
21,13.639439720903901,75.79337242587171,0.030985116958618164
22,11.048342548880994,28.45822785755193,0.032363176345825195
23,7.679073077623625,64.39604775406056,0.03366971015930176
24,5.66083751168611,19.895256084497472,0.03715181350708008
25,3.074940247821611,41.18002159518937,0.038866281509399414
26,1.9798484815698543,11.683761855392824,0.04044079780578613
27,0.8395460685595635,29.824689666003973,0.04196906089782715
28,0.21360318861724298,3.7477029299125513,0.043441057205200195
29,0.000606204435907228,1.0660091198637769,0.04500079154968262
30,6.063669662772106e-07,0.0062372664071177015,0.04644012451171875
31,6.063669662772106e-07,0.0062372664071177015,0.04805874824523926
