Iterations,Function,Gradient,Time
0,4817.662397902423,7645.280271207991,0.0
1,4095.438458595994,6809.385961460252,0.00035262107849121094
2,2886.946049126498,5314.204936894264,0.0031774044036865234
3,1955.0296909892247,4040.8679223492036,0.0046234130859375
4,1257.0092938337198,2972.5504205770203,0.006035804748535156
5,753.552943232558,2092.6457128226134,0.007421016693115234
6,408.6229700866103,1384.9196464171132,0.008766412734985352
7,189.38790131133436,833.7486645634415,0.01021718978881836
8,66.10958382748264,424.1714004682981,0.01164388656616211
9,12.267252961563726,139.429668360849,0.013360261917114258
10,3.4607991250611336,18.147882752624,0.015704631805419922
11,2.7914839833148264,24.08907945520287,0.018238306045532227
12,1.847661347637678,12.504050857886435,0.019791603088378906
13,1.2070097269089661,17.98350661394601,0.021168947219848633
14,0.5194180551446286,6.109573713188945,0.02249431610107422
15,0.10538657583448754,7.681937461335585,0.023701906204223633
16,0.0008567626975707343,0.5570051754979806,0.024942874908447266
17,8.738275105297128e-06,0.08326444202772317,0.02647089958190918
18,1.4289563717195866e-09,0.0008544565173500543,0.028017759323120117
19,3.993814467299157e-17,1.7711888923095998e-07,0.030030250549316406
