Iterations,Function,Gradient,Time
0,7706.165536822828,9881.255414041969,0.0
1,6765.001239957185,8952.730779702291,0.0002682209014892578
2,5145.980075413262,7278.214235593196,0.0024368762969970703
3,3838.549319291398,5833.957238617014,0.004175901412963867
4,2798.440990850618,4602.050612154942,0.005483865737915039
5,1985.0053081203353,3564.1924131828673,0.006815671920776367
6,1361.2969518786247,2701.6156653325343,0.008116006851196289
7,894.1692486499935,1995.0976137202483,0.009399175643920898
8,554.3521645815838,1425.135166115157,0.010730504989624023
9,316.4724312544955,972.3675103566372,0.01203608512878418
10,158.96326722178225,618.2563997146042,0.013316631317138672
11,63.82127037409617,345.9186008343028,0.014596223831176758
12,16.194333158653148,141.19503492337824,0.016314029693603516
13,3.5482211439399007,22.82247229638079,0.017792940139770508
14,2.800889006175474,15.865025116525914,0.01917243003845215
15,2.222247800310189,19.917593303662105,0.020476102828979492
16,1.8642794839506593,13.536850131729283,0.021889686584472656
17,1.630368156098966,15.10451666493869,0.023276567459106445
18,1.0908171771753137,10.98366378294305,0.024575471878051758
19,0.8514523370122588,10.22133627758085,0.02586531639099121
20,0.3533711793310018,7.004405050687673,0.027195453643798828
21,0.16083685037477452,4.046973718099853,0.02850174903869629
22,0.007286580943470854,3.41131661837855,0.029768705368041992
23,0.00014073076535765956,0.13283802620391055,0.031084299087524414
24,2.920304009850562e-07,0.02078408193292304,0.032364845275878906
25,2.920304009850562e-07,0.02078408193292304,0.03362083435058594
