Iterations,Function,Gradient,Time
0,206.77610847607033,290.56498886954336,0.0
1,178.79887421454364,269.05920997976176,0.000247955322265625
2,129.33721720209374,225.84903208649845,0.0023262500762939453
3,88.54713882536585,182.35553113799324,0.004329681396484375
4,56.571120832358716,137.77529510299425,0.006796360015869141
5,33.73399207728087,91.50988822479101,0.008621692657470703
6,20.376656713584502,46.127974670475844,0.010140419006347656
7,15.559948858479107,32.912877679471286,0.01152491569519043
8,12.225064989966796,40.43007370732721,0.012840986251831055
9,9.774424321079731,35.974990137165925,0.014260053634643555
10,7.652991360203142,25.871301884640737,0.015969276428222656
11,6.248639079775451,34.393884688349736,0.01730060577392578
12,4.789033172755365,19.06313169566219,0.0186765193939209
13,3.6760061791178273,32.01328770180408,0.01999044418334961
14,2.6690833483837335,13.534149163506004,0.021282434463500977
15,1.7504190236318231,28.891017405596596,0.022648096084594727
16,0.9358943836027059,7.820178157503962,0.024468660354614258
17,0.5507228013583083,21.622039474886297,0.026487350463867188
18,0.006805396794989413,2.671276954147528,0.027782440185546875
19,0.000267769082677804,0.3396219202422696,0.02915048599243164
20,1.139294129517641e-06,0.030377829945972254,0.0305330753326416
21,2.48843379208222e-11,0.00011098584696588027,0.03182029724121094
22,2.48843379208222e-11,0.00011098584696588027,0.03307676315307617
