Iterations,Function,Gradient,Time
0,6551.773385276217,9296.441541736986,0.0
1,5670.655115781354,8337.29241652859,0.0002551078796386719
2,4179.634468627958,6616.074477418139,0.002310037612915039
3,3007.7848309833867,5142.520609788727,0.004347562789916992
4,2107.445129867934,3897.982988601564,0.006405830383300781
5,1434.6611946379246,2864.099632784784,0.008012771606445312
6,949.1096137405267,2023.0538714784902,0.009298563003540039
7,613.9474959068203,1358.1613400488786,0.010772943496704102
8,395.49030411300384,855.2822797007461,0.012112855911254883
9,262.4792681951423,505.9524860156181,0.013400554656982422
10,184.62598269168865,307.8710418499672,0.014741659164428711
11,133.0667798097145,228.57757446107652,0.0160524845123291
12,91.72060831461847,187.49989758919142,0.017331838607788086
13,58.028971949917505,149.87351030773368,0.018637895584106445
14,31.91363046079608,111.45955670457442,0.019921541213989258
15,13.883496120738887,68.29724162581574,0.021200895309448242
16,5.616441880188804,18.47707228071613,0.02252793312072754
17,3.9517107631936748,34.57896041410954,0.02383279800415039
18,2.2688723696835273,11.426636448354596,0.02511739730834961
19,1.4468400686835148,34.599669630142955,0.026419401168823242
20,0.11632343573910342,0.7799403565309292,0.0276947021484375
21,0.10076151000982492,1.605904660859596,0.02897930145263672
22,0.0808573484768278,0.6428953518451486,0.030262470245361328
23,0.06671615103608564,0.7203701102667383,0.03159451484680176
24,0.05228749213272654,0.4299857435834553,0.032891035079956055
25,0.03896796790965362,0.6755198777009783,0.03417634963989258
26,0.025877180563452784,0.29108840571210554,0.035524845123291016
27,0.014116137749270452,0.20872236464238608,0.03681039810180664
28,0.0028899145643394666,2.3347155695757618,0.03806948661804199
29,6.800345456130361e-08,0.005918855426616556,0.03935432434082031
30,6.800345456130361e-08,0.005918855426616556,0.04061436653137207
