Iterations,Function,Gradient,Time
0,267.5077998354044,487.53975706586095,0.0
1,220.2799355032003,457.30183458890895,0.0002980232238769531
2,135.7396017465969,388.45368035303477,0.002125263214111328
3,66.51812531099203,300.17814506297367,0.003714323043823242
4,18.808406150038962,167.99338455313762,0.005268573760986328
5,3.965585357327807,38.34595726133598,0.006876230239868164
6,2.8458942645175735,14.422408320167367,0.008429765701293945
7,1.6416469705460257,30.65026703339998,0.010020256042480469
8,0.8453194165661058,7.5409067359684725,0.011549234390258789
9,0.1372667280001058,12.402883816710101,0.013132572174072266
10,0.00042407303086169353,0.8427504775851288,0.014732122421264648
11,9.425280045444036e-08,0.0020412441281422076,0.01628899574279785
12,1.301188808341601e-13,1.5215976590112485e-05,0.017904281616210938
