Iterations,Function,Gradient,Time
0,396.9172940732565,1279.4903808760803,0.0
1,285.2286199704646,964.7246753723196,0.0002474784851074219
2,144.53593884563114,496.5522732521769,0.0022804737091064453
3,73.71508412219805,282.1237973141519,0.004333972930908203
4,30.396660833701556,145.06071950514047,0.0063402652740478516
5,18.837951579784303,51.728654947056945,0.008110761642456055
6,16.451711900656612,45.43236762761724,0.009407520294189453
7,14.720774260424113,49.02065768804406,0.010697126388549805
8,12.920187210119927,37.01073007723958,0.012306451797485352
9,11.794960824417776,46.75928379024453,0.013610124588012695
10,10.216728302021268,31.22147956826356,0.014894485473632812
11,9.168924032815916,44.905573515040516,0.01623821258544922
12,7.719946104269165,25.841510771538577,0.01753520965576172
13,6.7357285834071305,42.702747284354764,0.01882314682006836
14,5.412634477760661,20.627341493442618,0.020137786865234375
15,4.496820176634361,39.95759826426997,0.021424055099487305
16,3.3037803865323943,15.313871697829434,0.023097753524780273
17,2.474707174286028,36.2885879494981,0.0248870849609375
18,1.4402660969331063,9.43667226124292,0.026640892028808594
19,0.710919293486902,28.8682111550742,0.028409242630004883
20,0.09639765851120408,3.3814731290362205,0.03013157844543457
21,0.07271014655282482,0.5600798401404716,0.0335390567779541
22,0.05683541740718234,0.7482700561389702,0.03545546531677246
23,0.044152617249962445,0.5217431048229246,0.037015438079833984
24,0.03030707021355228,0.3173431599371397,0.038343191146850586
25,0.01802402364295186,0.5189269315049501,0.0396876335144043
26,0.007339244043357007,0.3836939627838653,0.04098820686340332
27,0.0005871202732292008,1.0297340793299534,0.04225325584411621
28,7.88040691059456e-07,0.007100169292625703,0.043581485748291016
29,7.88040691059456e-07,0.007100169292625703,0.04489016532897949
