Iterations,Function,Gradient,Time
0,743.1598557453987,1398.1552038547457,0.0
1,613.9902405469875,1190.2802172978134,0.00024580955505371094
2,411.7979311495408,849.4871235666114,0.002282381057739258
3,268.80015885771815,594.7088035570853,0.004302978515625
4,169.79145377942314,406.29711687980097,0.006287813186645508
5,103.24729198857389,267.30844995262464,0.00834345817565918
6,60.72166107391453,164.01054416968665,0.009871959686279297
7,36.1894259791367,86.33641617056227,0.01128077507019043
8,25.11936904966734,34.30216296411357,0.013089179992675781
9,20.23377951700345,30.95155742929348,0.01486063003540039
10,15.70824138214862,32.86836155204973,0.016367673873901367
11,12.516972136337305,42.25215179732086,0.017674922943115234
12,10.22937895988565,35.13987790722511,0.018956661224365234
13,8.759988958290988,26.973384981266715,0.0203096866607666
14,7.2950965632515805,37.6312319097249,0.021610498428344727
15,6.057733638567591,20.48520763739376,0.02289295196533203
16,4.723327752869642,40.94912211584411,0.02424478530883789
17,3.4593392171918858,14.731271372271443,0.026180267333984375
18,2.2822637155153984,44.396334654444374,0.027745962142944336
19,0.9381004530403734,7.602940495825736,0.029312849044799805
20,0.05316439198666906,5.602048058582082,0.03077530860900879
21,0.027579214601225248,1.3636701507540472,0.032174110412597656
22,0.00041797494103763095,0.8614394063342055,0.033461809158325195
23,2.70797161819303e-07,0.0039431633589187,0.03473043441772461
24,2.70797161819303e-07,0.0039431633589187,0.036162614822387695
