Iterations,Function,Gradient,Time
0,318.236078031756,474.9096548560345,0.0
1,272.784816538878,435.75260306775266,0.0003185272216796875
2,193.05566495432709,370.50500705547586,0.0029060840606689453
3,124.07084673186579,322.244713105901,0.005048036575317383
4,65.3972688572802,260.67664004702874,0.006867647171020508
5,22.410421519890946,161.53995907778892,0.009668588638305664
6,4.498521022848043,17.658315894738674,0.012157201766967773
7,2.80144960380327,42.1110447465821,0.014579057693481445
8,1.5739928195712198,9.824672447204385,0.016927480697631836
9,0.46981751692075946,20.869059405541798,0.01930069923400879
10,0.07073483819779414,3.4327086309621615,0.022353172302246094
11,0.04822415284317105,0.4393378313702914,0.0254514217376709
12,0.034116818660038906,0.4107144313668719,0.028372764587402344
13,0.022048870060108805,0.48606692572819227,0.03139781951904297
14,0.010385982112354863,0.325095792654683,0.033907175064086914
15,0.0012162531926946663,1.507987262188505,0.03638720512390137
16,1.3913297971793873e-06,0.008215886741812463,0.03889870643615723
17,2.918466225526945e-11,0.00022941059011536864,0.04150891304016113
18,2.2868865480546266e-21,3.7997285844637304e-10,0.0445709228515625
