Iterations,Function,Gradient,Time
0,1373.1394210304172,3371.9837720046435,0.0
1,1063.0501051539015,2838.6548114284687,0.00026106834411621094
2,590.2830779170343,1922.1915108323892,0.002837657928466797
3,281.97902609346824,1190.9771412182486,0.0045528411865234375
4,103.05978595394758,625.4229849164444,0.0058443546295166016
5,22.405067898586758,207.1435073522006,0.007155656814575195
6,8.49796952455312,36.57395499414566,0.008447408676147461
7,7.1045447215399,26.946710172438895,0.009734153747558594
8,6.127417744699112,34.1242477941872,0.011065006256103516
9,4.915646268195926,21.259971222160033,0.012359142303466797
10,3.6963246834377412,29.154256528344945,0.013641595840454102
11,2.6577663835697676,15.389420848205194,0.014976263046264648
12,2.137348252981214,22.426682582972813,0.016277313232421875
13,1.3143289733956847,10.23271222962611,0.017564058303833008
14,0.8975993097389304,16.57053251198607,0.01888132095336914
15,0.32670794209114323,4.656465922681492,0.02017354965209961
16,0.12325113780449859,8.620860054691697,0.0214536190032959
17,0.006168401315108846,1.0253387486041918,0.022762537002563477
18,0.0003762464185741131,0.7577857855044772,0.024035930633544922
19,1.0981714870480949e-06,0.012281298432822024,0.025297880172729492
20,1.9800537971262013e-11,0.00017569817047525995,0.026582002639770508
21,1.9800537971262013e-11,0.00017569817047525995,0.02788066864013672
